,index,Player,Pos,Age,Tm,Height,Weight,G,GS,MP,FG,FGA,FG%,3P,3PA,3P%,2P,2PA,2P%,eFG%,FT,FTA,FT%,ORB,DRB,TRB,AST,STL,BLK,TOV,PF,PTS
0,145,A.C. Green,PF,35,DAL,205.7,99.9,50,35,18.5,2.2,5.1,.422,0.0,0.2,.000,2.2,5.0,.435,.422,0.6,1.0,.577,1.6,2.9,4.6,0.5,0.6,0.2,0.4,1.4,4.9
1,250,Aaron McKie,SG,26,PHI,195.6,94.9,50,4,19.2,1.9,4.7,.401,0.1,0.6,.194,1.8,4.1,.432,.414,0.9,1.2,.710,0.5,2.3,2.8,2.0,1.3,0.1,1.1,1.8,4.8
2,417,Aaron Williams,PF,27,SEA,205.7,99.9,40,2,11.5,1.3,3.1,.423,0.0,0.0,.000,1.3,3.1,.426,.423,1.4,1.9,.730,1.4,1.9,3.2,0.6,0.4,0.6,0.8,1.9,4.0
3,197,Adam Keefe,PF,28,UTA,205.7,104.4,44,0,14.6,1.3,2.8,.452,0.0,0.1,.000,1.3,2.7,.467,.452,1.4,2.0,.697,1.2,2.1,3.2,0.6,0.4,0.3,0.8,1.4,4.0
4,127,Adonal Foyle,C,23,GSW,208.3,113.5,44,0,14.0,1.2,2.8,.430,0.0,0.0,,1.2,2.8,.430,.430,0.6,1.2,.490,1.8,2.6,4.4,0.4,0.3,1.0,0.7,2.0,2.9
5,195,Adonis Jordan,PG,28,MIL,180.3,77.2,4,0,4.5,0.5,1.0,.500,0.0,0.5,.000,0.5,0.5,1.000,.500,0.5,1.0,.500,0.0,0.0,0.0,0.8,0.8,0.0,0.5,0.0,1.5
6,154,Al Harrington,PF,18,IND,205.7,111.2,21,0,7.6,0.9,2.7,.321,0.0,0.2,.000,0.9,2.4,.353,.321,0.4,0.7,.600,1.0,0.9,1.9,0.2,0.2,0.1,0.5,1.2,2.1
7,159,Alan Henderson,SF,26,ATL,205.7,106.7,38,37,30.1,4.9,11.1,.442,0.0,0.0,.000,4.9,11.1,.443,.442,2.6,3.9,.671,2.6,3.9,6.6,0.7,0.9,0.5,1.5,2.5,12.5
8,171,Allan Houston,SG,27,NYK,198.1,93.1,50,50,36.3,5.9,14.1,.418,1.1,2.8,.407,4.7,11.3,.421,.459,3.4,3.9,.862,0.4,2.6,3.0,2.7,0.7,0.2,2.6,2.3,16.3
9,177,Allen Iverson,SG,23,PHI,182.9,74.9,48,48,41.5,9.1,22.0,.412,1.2,4.1,.291,7.9,17.9,.440,.439,7.4,9.9,.751,1.4,3.5,4.9,4.6,2.3,0.1,3.5,2.0,26.8
10,268,Alonzo Mourning,C,28,MIA,208.3,109.0,46,46,38.1,7.0,13.8,.511,0.0,0.0,.000,7.0,13.7,.513,.511,6.0,9.2,.652,3.6,7.4,11.0,1.6,0.7,3.9,3.0,3.5,20.1
11,355,Alvin Sims,SG,24,PHO,193.0,106.7,4,0,6.3,1.0,2.5,.400,0.3,0.3,1.000,0.8,2.3,.333,.450,0.5,1.3,.400,0.8,0.3,1.0,1.3,0.5,0.0,1.5,0.5,2.8
12,418,Alvin Williams,PG,24,TOR,195.6,84.0,50,45,21.0,1.9,4.7,.401,0.3,0.8,.333,1.6,3.9,.415,.430,0.9,1.0,.846,0.4,1.3,1.6,2.6,1.0,0.2,1.1,1.9,5.0
13,297,Andrae Patterson,PF,23,MIN,205.7,115.8,35,0,8.1,1.2,2.8,.443,0.0,0.1,.000,1.2,2.6,.467,.443,0.8,1.0,.778,0.9,1.0,1.9,0.4,0.5,0.2,0.6,1.8,3.3
14,98,Andrew DeClercq,C,25,TOT,208.3,104.4,47,32,23.4,2.9,5.9,.500,0.0,0.0,,2.9,5.9,.500,.500,2.0,3.0,.674,2.2,3.2,5.4,0.7,1.1,0.6,1.1,3.4,7.9
15,135,Andrew Gaze,SG,33,SAS,200.7,96.2,19,0,3.1,0.4,1.3,.320,0.3,0.8,.313,0.2,0.5,.333,.420,0.0,0.0,,0.1,0.2,0.3,0.3,0.1,0.1,0.2,0.4,1.1
16,213,Andrew Lang,C,32,CHI,210.8,111.2,21,13,18.4,1.5,4.7,.323,0.0,0.0,,1.5,4.7,.323,.323,0.8,1.1,.696,1.6,2.9,4.4,0.6,0.2,0.6,0.8,2.0,3.8
17,149,Anfernee Hardaway,SG,27,ORL,200.7,88.5,50,50,38.9,6.0,14.3,.420,0.8,2.8,.286,5.2,11.5,.452,.448,3.0,4.2,.706,1.5,4.2,5.7,5.3,2.2,0.5,3.0,2.2,15.8
18,185,Antawn Jamison,SF,22,GSW,205.7,106.7,47,24,22.5,3.8,8.4,.452,0.1,0.2,.300,3.7,8.2,.456,.456,1.9,3.3,.588,2.8,3.6,6.4,0.7,0.8,0.3,1.4,2.2,9.6
19,16,Anthony Avent,PF,29,UTA,205.7,106.7,5,0,8.8,0.8,2.6,.308,0.0,0.0,,0.8,2.6,.308,.308,0.2,0.4,.500,1.6,0.8,2.4,0.2,0.4,0.0,1.4,1.2,1.8
20,186,Anthony Johnson,PG,24,ATL,190.5,88.5,49,2,18.1,1.9,4.6,.404,0.1,0.4,.263,1.8,4.2,.417,.416,1.2,1.7,.695,0.3,1.2,1.5,2.2,0.7,0.1,1.3,1.4,5.0
21,255,Anthony Miller,PF,27,HOU,205.7,102.2,29,0,8.6,1.0,2.1,.467,0.0,0.0,.000,1.0,2.0,.475,.467,0.5,0.8,.636,0.9,1.4,2.3,0.2,0.2,0.2,0.3,1.2,2.4
22,295,Anthony Parker,SG,23,PHI,198.1,97.6,2,0,1.5,0.5,0.5,1.000,0.0,0.0,,0.5,0.5,1.000,1.000,0.0,0.0,,0.0,0.0,0.0,0.0,0.0,0.0,0.0,0.0,1.0
23,300,Anthony Peeler,SG,29,MIN,193.0,94.4,28,28,28.9,3.7,9.7,.379,1.2,4.1,.298,2.5,5.6,.437,.441,1.1,1.5,.732,1.1,1.9,3.0,2.8,1.3,0.2,1.4,2.1,9.6
24,59,Antoine Carr,PF,37,HOU,205.7,102.2,18,0,8.4,1.2,2.9,.404,0.0,0.1,.000,1.2,2.8,.412,.404,0.3,0.4,.714,0.5,1.2,1.7,0.5,0.1,0.6,0.5,1.7,2.6
25,395,Antoine Walker,PF,22,BOS,205.7,120.3,42,41,36.9,7.2,17.5,.412,1.5,4.2,.369,5.7,13.3,.426,.456,2.7,4.8,.559,2.5,6.0,8.5,3.1,1.5,0.7,2.8,3.4,18.7
26,89,Antonio Daniels,PG,23,SAS,193.0,88.5,47,0,13.1,1.8,3.9,.454,0.1,0.4,.294,1.7,3.5,.470,.467,1.0,1.4,.754,0.3,0.9,1.1,2.3,0.6,0.1,0.9,0.8,4.7
27,91,Antonio Davis,PF,30,IND,205.7,111.2,49,1,25.9,3.3,7.1,.471,0.0,0.0,,3.3,7.1,.471,.471,2.8,3.9,.703,2.4,4.7,7.0,0.7,0.4,0.9,1.0,2.8,9.4
28,214,Antonio Lang,PF,26,CLE,203.2,93.1,10,0,6.5,0.4,0.6,.667,0.0,0.0,,0.4,0.6,.667,.667,0.5,0.9,.556,0.6,1.0,1.6,0.1,0.2,0.1,0.4,1.3,1.3
29,245,Antonio McDyess,C,24,DEN,205.7,111.2,50,50,38.7,8.3,17.6,.471,0.0,0.2,.111,8.3,17.5,.474,.471,4.6,6.8,.680,3.4,7.4,10.7,1.6,1.5,2.3,2.8,3.5,21.2
30,138,Armen Gilliam,PF,34,MIL,205.7,104.4,34,5,19.6,3.0,6.6,.453,0.0,0.0,.000,3.0,6.5,.455,.453,2.3,3.0,.782,1.0,2.7,3.7,0.6,0.6,0.4,1.1,1.4,8.3
31,341,Arvydas Sabonis,C,34,POR,221.0,126.7,50,48,27.0,4.6,9.6,.485,0.1,0.5,.292,4.5,9.1,.496,.493,2.7,3.5,.771,1.8,6.1,7.9,2.4,0.7,1.3,1.7,2.9,12.1
32,81,Austin Croshere,PF,23,IND,205.7,106.7,27,0,9.2,1.2,2.8,.427,0.3,1.1,.276,0.9,1.7,.522,.480,0.7,0.9,.870,0.6,1.1,1.7,0.4,0.3,0.3,0.9,1.2,3.4
33,187,Avery Johnson,PG,33,SAS,177.8,79.5,50,50,33.4,4.4,9.2,.473,0.0,0.2,.083,4.3,9.0,.483,.474,1.0,1.8,.568,0.4,1.9,2.4,7.4,1.0,0.2,2.2,2.0,9.7
34,11,B.J. Armstrong,PG,31,TOT,188.0,79.5,32,1,11.2,1.3,2.8,.455,0.2,0.5,.467,1.0,2.3,.452,.494,0.6,0.7,.857,0.1,1.2,1.2,1.9,0.4,0.0,0.8,1.0,3.3
35,92,Ben Davis,PF,26,NYK,205.7,109.0,8,0,2.6,0.9,2.1,.412,0.0,0.0,,0.9,2.1,.412,.412,0.4,0.8,.500,1.1,0.3,1.4,0.4,0.0,0.0,0.1,0.5,2.1
36,397,Ben Wallace,C,24,WAS,205.7,109.0,46,16,26.8,2.5,4.3,.578,0.0,0.0,,2.5,4.3,.578,.578,1.0,2.9,.356,3.0,5.4,8.3,0.4,1.1,2.0,0.8,2.4,6.0
37,28,Benoit Benjamin,C,34,PHI,213.4,113.5,6,0,5.5,0.3,1.2,.286,0.0,0.0,,0.3,1.2,.286,.286,0.0,0.0,,0.5,0.8,1.3,0.2,0.0,0.0,0.5,1.0,0.7
38,85,Bill Curley,PF,26,MIN,205.7,99.9,35,7,10.6,0.8,2.1,.403,0.0,0.1,.200,0.8,1.9,.418,.410,0.5,0.6,.864,0.6,0.9,1.5,0.4,0.5,0.3,0.3,2.4,2.2
39,407,Bill Wennington,C,35,CHI,213.4,111.2,38,3,11.9,1.6,4.7,.348,0.0,0.0,1.000,1.6,4.7,.345,.351,0.5,0.6,.818,0.5,1.6,2.1,0.5,0.3,0.3,0.4,2.1,3.8
40,293,Billy Owens,SF,29,SEA,203.2,99.9,21,19,21.5,3.1,7.9,.394,0.2,0.5,.455,2.9,7.3,.390,.409,1.3,1.7,.800,1.7,2.1,3.8,1.8,0.6,0.2,1.6,1.8,7.8
41,76,Bimbo Coles,PG,30,GSW,185.4,81.7,48,32,26.5,3.8,8.6,.442,0.1,0.5,.240,3.7,8.1,.455,.449,1.7,2.1,.822,0.4,2.0,2.4,4.6,0.9,0.2,1.7,2.4,9.5
42,101,Bison Dele,C,29,DET,210.8,106.7,49,48,24.0,4.4,8.8,.501,0.0,0.0,.000,4.4,8.8,.502,.501,1.7,2.4,.686,1.9,3.7,5.6,1.4,0.8,0.8,2.3,3.7,10.5
43,111,Blue Edwards,SF,33,MIA,193.0,90.8,24,0,11.8,1.3,3.0,.444,0.2,0.4,.400,1.2,2.6,.452,.472,0.4,0.5,.692,0.3,1.1,1.4,1.3,0.7,0.2,0.9,1.0,3.2
44,291,Bo Outlaw,PF,27,ORL,203.2,95.3,31,22,27.5,2.7,5.0,.545,0.0,0.1,.000,2.7,4.9,.556,.545,1.1,2.6,.432,1.7,3.6,5.4,1.8,1.3,1.4,1.9,2.5,6.5
45,380,Bob Sura,PG,25,CLE,195.6,90.8,50,6,16.8,1.4,4.2,.333,0.2,0.9,.200,1.2,3.3,.370,.355,1.3,2.1,.631,0.4,1.6,2.0,3.0,0.9,0.3,1.3,2.0,4.3
46,178,Bobby Jackson,PG,25,MIN,185.4,84.0,50,12,18.8,2.8,7.0,.405,0.2,0.5,.370,2.6,6.4,.408,.420,1.2,1.6,.772,0.9,1.8,2.7,3.3,0.8,0.1,1.5,1.5,7.1
47,306,Bobby Phills,SG,29,CHH,195.6,97.6,43,43,36.6,5.0,11.6,.433,1.6,4.0,.395,3.4,7.6,.452,.501,2.7,3.9,.685,0.9,3.1,4.0,3.5,1.4,0.6,2.1,2.9,14.3
48,406,Bonzi Wells,SF,22,POR,195.6,95.3,7,0,5.0,1.6,2.9,.550,0.1,0.4,.333,1.4,2.4,.588,.575,1.1,2.6,.444,0.6,0.7,1.3,0.4,0.1,0.1,0.9,0.7,4.4
49,256,Brad Miller,C,22,CHH,213.4,118.5,38,0,12.3,2.1,3.6,.565,0.0,0.1,.500,2.0,3.6,.566,.569,2.1,2.7,.794,0.9,2.2,3.1,0.6,0.2,0.5,0.8,1.7,6.3
50,419,Brandon Williams,SG,23,SAS,198.1,97.6,3,0,1.3,0.0,0.0,,0.0,0.0,,0.0,0.0,,,0.7,1.3,.500,0.3,0.0,0.3,0.0,0.0,0.0,0.0,0.0,0.7
51,23,Brent Barry,SG,27,CHI,200.7,95.3,37,30,31.9,3.8,9.6,.396,1.4,4.6,.302,2.4,5.0,.484,.469,2.1,2.7,.772,1.1,2.8,3.9,3.1,1.1,0.3,1.9,2.6,11.1
52,315,Brent Price,PG,30,HOU,185.4,74.9,40,6,20.2,2.5,5.2,.483,1.2,2.8,.411,1.4,2.4,.568,.594,1.2,1.5,.754,0.5,1.5,2.0,2.8,0.8,0.0,1.6,2.3,7.3
53,207,Brevin Knight,PG,23,CLE,177.8,77.2,39,38,30.4,3.4,8.1,.425,0.0,0.1,.000,3.4,7.9,.432,.425,2.7,3.6,.745,0.4,2.9,3.4,7.7,1.8,0.2,2.7,2.9,9.6
54,117,Brian Evans,SF,25,TOT,203.2,99.9,16,0,9.1,0.8,2.8,.295,0.3,0.8,.308,0.6,1.9,.290,.341,0.3,0.3,1.000,0.4,0.8,1.2,0.9,0.3,0.2,0.1,0.5,2.1
55,139,Brian Grant,PF,26,POR,205.7,115.3,48,46,31.8,3.8,8.0,.479,0.0,0.0,,3.8,8.0,.479,.479,3.8,4.7,.814,3.6,6.2,9.8,1.4,0.4,0.7,2.0,2.8,11.5
56,350,Brian Shaw,PG,32,POR,198.1,86.3,1,0,5.0,0.0,1.0,.000,0.0,0.0,,0.0,1.0,.000,.000,0.0,0.0,,0.0,1.0,1.0,1.0,0.0,0.0,1.0,1.0,0.0
57,356,Brian Skinner,PF,22,LAC,205.7,115.8,21,0,12.3,1.6,3.4,.465,0.0,0.0,,1.6,3.4,.465,.465,1.0,1.6,.606,1.0,1.6,2.5,0.0,0.5,0.6,0.9,1.0,4.1
58,39,Bruce Bowen,SF,27,BOS,200.7,90.8,30,1,16.5,0.9,3.1,.280,0.2,0.9,.269,0.6,2.2,.284,.317,0.4,0.8,.458,0.5,1.2,1.7,0.9,0.7,0.3,0.4,1.7,2.3
59,379,Bruno Å undov,C,18,DAL,None,None,3,0,3.7,0.7,2.3,.286,0.0,0.0,,0.7,2.3,.286,.286,0.0,0.0,,0.0,0.0,0.0,0.3,0.0,0.0,0.3,1.3,1.3
60,318,Bryant Reeves,C,25,VAN,213.4,124.9,25,14,28.1,4.1,10.0,.406,0.0,0.0,.000,4.1,10.0,.408,.406,2.7,4.6,.578,2.0,3.5,5.5,1.5,0.5,0.3,1.9,4.1,10.8
61,371,Bryant Stith,SG,28,DEN,195.6,94.9,46,32,26.0,2.5,6.3,.393,0.7,2.3,.292,1.8,4.0,.451,.447,1.3,1.5,.859,0.7,1.7,2.3,1.8,0.6,0.3,1.0,1.4,7.0
62,107,Bryce Drew,PG,24,HOU,188.0,84.0,34,0,13.0,1.4,3.8,.364,0.5,1.4,.327,0.9,2.4,.388,.426,0.2,0.2,1.000,0.1,0.9,0.9,1.5,0.4,0.1,0.9,1.8,3.5
63,340,Bryon Russell,SF,28,UTA,200.7,102.2,50,50,35.4,4.3,9.4,.464,1.0,2.9,.354,3.3,6.4,.514,.519,2.7,3.4,.795,1.3,4.0,5.3,1.5,1.5,0.3,1.5,3.1,12.4
64,68,Calbert Cheaney,SG,27,WAS,200.7,94.9,50,18,25.3,3.4,8.3,.414,0.2,0.7,.216,3.3,7.6,.434,.424,0.7,1.3,.493,0.7,2.2,2.8,1.5,0.8,0.3,0.8,2.9,7.7
65,164,Carl Herrera,PF,32,TOT,205.7,97.6,28,0,11.0,1.1,2.7,.395,0.0,0.0,.000,1.1,2.7,.400,.395,0.2,0.4,.455,0.9,1.3,2.2,0.1,0.4,0.3,0.6,1.5,2.3
66,335,Carlos Rogers,PF,27,POR,210.8,99.9,2,0,4.0,1.0,1.0,1.000,0.0,0.0,,1.0,1.0,1.000,1.000,0.5,2.0,.250,0.0,0.5,0.5,0.5,0.0,0.0,0.0,1.0,2.5
67,351,Casey Shaw,C,23,PHI,210.8,118.0,9,0,1.6,0.1,0.9,.125,0.0,0.0,,0.1,0.9,.125,.125,0.0,0.0,,0.3,0.0,0.3,0.0,0.0,0.0,0.2,0.2,0.2
68,66,Cedric Ceballos,SF,29,DAL,198.1,86.3,13,5,27.1,4.5,10.8,.421,0.8,2.2,.393,3.7,8.6,.429,.461,2.6,3.8,.694,1.8,4.8,6.5,0.9,0.5,0.4,2.2,1.8,12.5
69,160,Cedric Henderson,SF,23,CLE,200.7,97.6,50,48,30.3,3.8,9.1,.417,0.0,0.2,.167,3.7,8.8,.424,.419,1.5,1.8,.813,0.9,3.0,3.9,2.3,1.2,0.5,1.9,2.7,9.1
70,21,Charles Barkley,PF,35,HOU,198.1,114.4,42,40,36.3,5.7,12.0,.478,0.1,0.6,.160,5.6,11.4,.495,.482,4.6,6.4,.719,4.0,8.3,12.3,4.6,1.0,0.3,2.4,2.1,16.1
71,191,Charles Jones,SG,23,CHI,190.5,81.7,29,5,16.4,1.3,4.2,.317,0.7,2.1,.311,0.7,2.1,.323,.394,0.4,0.8,.500,0.3,1.1,1.4,1.4,0.6,0.2,1.0,1.0,3.7
72,282,Charles O'Bannon,SG,23,DET,195.6,94.9,18,1,9.2,1.3,3.1,.429,0.0,0.1,.000,1.3,3.1,.436,.429,0.4,0.4,1.000,1.0,0.9,1.9,0.7,0.1,0.2,0.4,1.2,3.1
73,285,Charles Oakley,PF,35,TOR,203.2,102.2,50,50,32.7,2.8,6.5,.428,0.0,0.1,.200,2.8,6.4,.432,.430,1.3,1.7,.807,1.9,5.6,7.5,3.4,0.9,0.4,1.9,3.6,7.0
74,349,Charles Shackleford,C,32,CHH,208.3,102.2,32,4,11.5,1.4,2.8,.489,0.0,0.0,,1.4,2.8,.489,.489,0.6,0.9,.655,1.3,2.8,4.0,0.4,0.2,0.4,0.8,2.1,3.3
75,358,Charles Smith,SG,23,LAC,193.0,88.1,23,10,13.8,1.5,4.2,.361,0.3,1.4,.212,1.2,2.8,.438,.397,0.3,0.7,.438,0.3,0.7,1.0,0.6,0.7,0.6,0.9,1.5,3.7
76,401,Charlie Ward,PG,28,NYK,188.0,86.3,50,50,31.1,2.7,6.7,.404,1.1,3.0,.356,1.6,3.7,.443,.484,1.1,1.6,.705,0.5,3.0,3.4,5.4,2.1,0.2,2.6,2.1,7.6
77,33,Chauncey Billups,SG,22,DEN,190.5,95.3,45,41,33.1,4.2,11.0,.386,1.9,5.2,.362,2.4,5.8,.408,.472,3.5,3.8,.913,0.5,1.6,2.1,3.8,1.3,0.3,2.2,2.6,13.9
78,296,Cherokee Parks,C,26,VAN,None,None,48,41,23.3,2.5,5.7,.429,0.0,0.0,.000,2.5,5.7,.431,.429,0.6,1.1,.545,1.6,3.5,5.1,0.8,0.6,0.6,1.0,2.4,5.5
79,9,Chris Anstey,C,24,DAL,213.4,114.9,41,4,11.5,1.2,3.4,.360,0.0,0.2,.000,1.2,3.2,.379,.360,0.8,1.2,.708,0.9,1.5,2.4,0.7,0.4,0.3,0.6,2.4,3.3
80,60,Chris Carr,SG,24,TOT,195.6,94.0,39,4,11.4,1.9,5.3,.371,0.7,1.9,.373,1.2,3.3,.369,.439,0.7,1.0,.675,0.6,1.2,1.8,0.6,0.2,0.1,0.7,1.2,5.3
81,70,Chris Childs,PG,31,NYK,190.5,88.5,48,0,27.0,2.4,5.6,.427,0.8,2.0,.383,1.6,3.6,.451,.494,1.3,1.6,.821,0.4,2.4,2.8,4.0,0.9,0.0,1.8,3.3,6.8
82,80,Chris Crawford,PF,23,ATL,205.7,106.7,42,30,18.7,2.6,6.1,.431,0.3,0.8,.333,2.4,5.3,.446,.453,1.4,1.7,.814,0.9,1.3,2.1,0.6,0.2,0.3,1.1,2.5,6.9
83,108,Chris Dudley,C,33,NYK,210.8,106.7,46,16,14.9,1.0,2.4,.440,0.0,0.0,,1.0,2.4,.440,.440,0.4,0.9,.475,1.7,2.5,4.2,0.2,0.3,0.8,0.5,2.5,2.5
84,134,Chris Gatling,C,31,TOT,208.3,99.9,48,3,16.1,2.4,5.5,.442,0.0,0.2,.125,2.4,5.4,.451,.443,0.8,1.9,.398,1.1,2.6,3.7,0.7,0.7,0.2,1.3,2.5,5.7
85,203,Chris King,SF,29,UTA,203.2,97.6,8,0,5.3,0.3,0.9,.286,0.0,0.0,,0.3,0.9,.286,.286,0.0,0.5,.000,0.1,1.3,1.4,0.1,0.3,0.1,0.5,1.0,0.5
86,259,Chris Mills,SF,29,GSW,195.6,97.6,47,24,29.7,4.0,9.6,.411,0.7,2.4,.278,3.3,7.2,.456,.446,1.7,2.0,.823,1.0,4.0,5.0,2.2,0.8,0.3,1.2,2.7,10.3
87,267,Chris Morris,SF,33,PHO,203.2,95.3,44,2,12.2,1.5,3.4,.430,0.4,1.3,.286,1.1,2.1,.516,.483,0.9,1.0,.870,1.2,1.5,2.8,0.5,0.4,0.3,0.5,1.2,4.2
88,269,Chris Mullin,SF,35,IND,200.7,97.6,50,50,23.6,3.5,7.4,.477,1.5,3.1,.465,2.1,4.3,.486,.575,1.6,1.8,.870,0.5,2.7,3.2,1.6,0.9,0.3,1.2,2.0,10.1
89,405,Chris Webber,PF,25,SAC,205.7,111.2,42,42,40.9,9.0,18.5,.486,0.1,0.8,.118,8.9,17.7,.503,.488,1.9,4.1,.454,3.5,9.4,13.0,4.1,1.4,2.1,3.5,3.5,20.0
90,414,Chris Whitney,PG,27,WAS,182.9,76.3,39,1,11.3,1.6,4.0,.410,0.8,2.4,.337,0.8,1.6,.525,.513,0.7,0.8,.871,0.2,1.0,1.2,1.8,0.5,0.1,0.9,1.3,4.8
91,211,Christian Laettner,PF,29,DET,210.8,111.2,16,0,21.1,2.4,6.6,.358,0.1,0.2,.333,2.3,6.4,.359,.363,2.8,3.6,.772,1.3,2.1,3.4,1.5,0.9,0.8,1.2,1.9,7.6
92,304,Chuck Person,SF,34,CHH,203.2,99.9,50,21,19.8,2.2,5.8,.388,1.1,3.1,.350,1.1,2.6,.432,.483,0.5,0.6,.750,0.3,2.3,2.6,1.2,0.4,0.2,0.8,1.8,6.1
93,43,Chucky Brown,PF,30,CHH,200.7,97.2,48,21,24.8,3.7,7.8,.472,0.3,0.8,.375,3.4,6.9,.483,.492,0.8,1.2,.678,0.8,2.9,3.6,1.2,0.3,0.4,0.8,2.2,8.5
94,404,Clarence Weatherspoon,SF,28,MIA,198.1,109.0,49,3,21.2,2.9,5.4,.534,0.0,0.0,,2.9,5.4,.534,.534,2.3,2.9,.804,1.5,3.5,5.0,0.7,0.6,0.3,1.2,2.2,8.1
95,330,Clifford Robinson,SF,32,PHO,None,None,50,35,34.8,6.0,12.6,.475,1.2,2.8,.417,4.8,9.8,.492,.521,3.3,4.7,.697,1.4,3.2,4.5,2.6,1.5,1.2,1.8,3.1,16.4
96,27,Corey Beck,PG,27,TOT,185.4,86.3,24,0,7.5,0.8,1.6,.462,0.0,0.0,1.000,0.7,1.6,.447,.474,0.3,0.6,.533,0.3,0.9,1.2,0.8,0.4,0.1,0.5,1.1,1.9
97,29,Corey Benjamin,PG,20,CHI,198.1,90.8,31,1,10.3,1.4,3.8,.376,0.1,0.5,.214,1.3,3.3,.398,.389,0.9,1.3,.675,0.5,0.8,1.3,0.3,0.4,0.3,0.7,1.5,3.8
98,35,Corie Blount,PF,30,TOT,205.7,109.0,34,3,15.6,1.1,2.9,.360,0.0,0.0,.000,1.1,2.9,.364,.360,0.8,1.6,.519,1.7,2.7,4.4,0.4,0.6,0.5,0.6,2.2,2.9
99,432,Corliss Williamson,SF,25,SAC,200.7,111.2,50,50,27.5,5.4,11.1,.485,0.0,0.1,.200,5.4,11.0,.487,.486,2.4,3.8,.638,1.7,2.4,4.1,1.3,0.6,0.2,1.5,2.4,13.2
100,2,Cory Alexander,PG,25,DEN,185.4,84.0,36,4,21.6,2.7,7.2,.373,0.8,2.9,.286,1.9,4.3,.432,.431,1.0,1.2,.841,0.2,1.9,2.1,3.3,1.0,0.1,1.9,2.1,7.3
101,61,Cory Carr,SG,23,CHI,190.5,96.2,42,7,14.9,1.7,5.1,.329,0.1,0.7,.167,1.6,4.4,.355,.340,0.6,0.8,.750,0.2,1.0,1.2,1.6,0.5,0.2,1.1,1.6,4.1
102,263,Cuttino Mobley,PG,23,HOU,193.0,86.3,49,37,29.7,3.5,8.3,.425,1.1,3.0,.358,2.4,5.2,.463,.490,1.8,2.2,.818,0.4,1.8,2.3,2.5,0.9,0.5,1.6,2.0,9.9
103,93,Dale Davis,PF,29,IND,210.8,114.4,50,50,27.5,3.2,6.0,.533,0.0,0.0,,3.2,6.0,.533,.533,1.5,2.5,.618,3.1,5.2,8.3,0.4,0.4,1.1,0.9,2.3,8.0
104,115,Dale Ellis,SF,38,SEA,200.7,93.1,48,5,25.7,3.6,8.2,.441,2.0,4.5,.433,1.7,3.7,.449,.559,1.1,1.5,.757,0.5,1.9,2.4,0.8,0.5,0.1,0.9,1.6,10.3
105,192,Damon Jones,PG,22,TOT,190.5,84.0,24,0,14.3,1.8,5.0,.361,1.0,2.6,.403,0.8,2.4,.316,.466,0.6,0.7,.824,0.3,1.6,1.8,1.8,0.5,0.0,0.7,1.0,5.2
106,374,Damon Stoudamire,PG,25,POR,177.8,77.6,50,50,33.5,5.0,12.6,.396,0.9,2.8,.310,4.1,9.7,.421,.431,1.8,2.4,.730,0.8,2.5,3.3,6.2,1.0,0.1,2.2,1.6,12.6
107,229,Dan Majerle,SG,33,MIA,198.1,97.6,48,48,33.8,2.5,6.2,.396,1.4,4.2,.335,1.0,2.0,.526,.510,0.7,1.0,.717,0.4,3.9,4.3,3.1,0.8,0.1,1.1,2.1,7.0
108,22,Dana Barros,PG,31,BOS,180.3,74.9,50,16,23.1,3.4,7.4,.453,1.3,3.2,.400,2.1,4.2,.493,.539,1.3,1.5,.877,0.3,1.8,2.1,4.2,1.0,0.1,1.8,1.3,9.3
109,121,Danny Ferry,PF,32,CLE,208.3,104.4,50,10,21.2,2.8,5.9,.476,0.8,1.9,.392,2.1,4.0,.518,.541,0.6,0.7,.879,0.3,1.7,2.0,1.1,0.5,0.2,0.8,2.3,7.0
110,124,Danny Fortson,PF,22,DEN,200.7,118.0,50,38,28.3,3.8,7.7,.495,0.0,0.1,.000,3.8,7.7,.499,.495,3.4,4.6,.727,4.2,7.4,11.6,0.6,0.6,0.4,1.5,4.2,11.0
111,232,Danny Manning,PF,32,PHO,208.3,104.4,50,5,23.7,3.7,7.7,.484,0.0,0.2,.111,3.7,7.5,.493,.486,1.6,2.2,.696,1.2,3.1,4.4,2.3,0.7,0.8,1.4,2.6,9.1
112,343,Danny Schayes,C,39,ORL,210.8,106.7,19,1,7.5,0.6,1.5,.379,0.0,0.0,,0.6,1.5,.379,.379,0.3,0.4,.750,0.2,0.6,0.7,0.2,0.1,0.1,0.4,1.2,1.5
113,12,Darrell Armstrong,PG,30,ORL,182.9,77.2,50,15,30.0,4.6,10.4,.441,1.4,3.8,.365,3.2,6.7,.483,.507,3.2,3.6,.904,1.1,2.5,3.6,6.7,2.2,0.1,3.2,1.8,13.8
114,236,Darrick Martin,PG,27,LAC,180.3,77.2,37,25,25.4,2.8,7.5,.367,0.8,2.9,.292,1.9,4.6,.413,.423,1.6,2.1,.803,0.1,1.2,1.3,3.9,1.2,0.1,1.8,2.2,8.0
115,331,David Robinson,C,33,SAS,215.9,113.5,49,49,31.7,5.5,10.8,.509,0.0,0.0,.000,5.5,10.7,.510,.509,4.9,7.4,.658,3.0,7.0,10.0,2.1,1.4,2.4,2.2,2.9,15.8
116,391,David Vaughn,PF,25,NJN,205.7,109.0,10,0,10.3,1.3,2.4,.542,0.0,0.0,,1.3,2.4,.542,.542,0.8,1.0,.800,1.3,2.1,3.4,0.1,0.2,0.8,1.1,2.2,3.4
117,408,David Wesley,PG,28,CHH,182.9,86.3,50,50,37.0,4.9,10.9,.446,1.2,3.4,.359,3.6,7.5,.485,.502,3.2,3.8,.832,0.5,2.8,3.2,6.4,2.0,0.2,2.8,2.6,14.1
118,434,David Wingate,SG,35,NYK,195.6,84.0,20,0,4.6,0.4,0.8,.438,0.0,0.0,,0.4,0.8,.438,.438,0.0,0.0,,0.2,0.3,0.4,0.3,0.2,0.0,0.3,0.5,0.7
119,411,DeJuan Wheat,PG,25,VAN,182.9,74.9,46,0,12.8,1.6,4.2,.378,0.5,1.3,.367,1.1,2.9,.383,.435,0.9,1.2,.727,0.2,0.7,1.0,2.2,0.6,0.0,1.0,1.3,4.5
120,132,Dean Garrett,C,32,MIN,208.3,102.2,49,37,21.5,2.4,4.7,.502,0.0,0.0,,2.4,4.7,.502,.502,0.8,1.0,.745,2.0,3.2,5.2,0.6,0.6,0.9,0.6,2.3,5.5
121,44,Dee Brown,PG,30,TOR,185.4,72.6,49,0,28.1,3.8,10.1,.378,2.8,7.1,.387,1.1,3.0,.356,.514,0.8,1.1,.727,0.3,1.8,2.1,2.9,1.1,0.2,1.6,1.5,11.2
122,86,Dell Curry,SG,34,MIL,193.0,86.3,42,0,20.6,3.9,8.0,.485,1.6,3.5,.476,2.2,4.5,.492,.588,0.7,0.8,.824,0.4,1.6,2.0,1.1,0.9,0.1,1.1,1.0,10.1
123,334,Dennis Rodman,PF,37,LAL,200.7,95.3,23,11,28.6,0.7,2.0,.348,0.0,0.1,.000,0.7,1.9,.364,.348,0.7,1.7,.436,2.7,8.5,11.2,1.3,0.4,0.5,1.3,3.1,2.1
124,346,Dennis Scott,SF,30,TOT,203.2,104.0,36,9,20.5,2.4,5.9,.408,1.0,2.7,.381,1.4,3.2,.431,.495,0.6,0.9,.742,0.2,1.4,1.6,1.1,0.4,0.1,0.5,1.4,6.5
125,5,Derek Anderson,SG,24,CLE,195.6,88.1,38,13,25.7,3.3,8.3,.398,0.6,1.8,.304,2.7,6.4,.424,.432,3.6,4.3,.836,0.5,2.3,2.9,3.8,1.3,0.1,2.2,1.9,10.8
126,123,Derek Fisher,PG,24,LAL,185.4,95.3,50,21,22.6,2.0,5.3,.376,0.8,1.9,.392,1.2,3.3,.367,.449,1.2,1.6,.759,0.4,1.4,1.8,3.9,1.2,0.0,1.5,1.9,5.9
127,151,Derek Harper,PG,37,LAL,193.0,84.0,45,29,24.9,2.7,6.5,.412,1.0,2.6,.368,1.7,3.9,.443,.486,0.6,0.7,.813,0.3,1.2,1.5,4.2,1.0,0.1,1.2,1.5,6.9
128,378,Derek Strong,PF,30,ORL,203.2,99.9,44,0,15.8,1.7,4.1,.422,0.0,0.0,.000,1.7,4.0,.427,.422,1.6,2.3,.717,1.5,2.2,3.7,0.4,0.3,0.2,0.8,1.5,5.1
129,75,Derrick Coleman,PF,31,CHH,208.3,104.4,37,29,31.8,4.5,11.0,.414,0.2,0.9,.212,4.4,10.1,.432,.422,3.9,5.1,.753,2.1,6.8,8.9,2.1,0.6,1.1,2.4,2.6,13.1
130,249,Derrick McKey,SF,32,IND,205.7,93.1,13,0,18.8,1.8,4.0,.442,0.0,0.1,.000,1.8,3.9,.451,.442,1.1,1.3,.824,1.4,1.8,3.2,1.0,0.9,0.3,0.9,1.8,4.6
131,345,Detlef Schrempf,SF,36,SEA,205.7,97.2,50,39,35.3,5.2,11.0,.472,0.7,1.7,.395,4.5,9.3,.486,.503,4.0,4.9,.823,1.5,5.9,7.4,3.7,0.8,0.5,2.1,3.0,15.0
132,354,Dickey Simpkins,C,26,CHI,205.7,112.6,50,35,29.0,3.0,6.5,.463,0.0,0.0,.000,3.0,6.5,.464,.463,3.1,4.8,.645,2.2,4.6,6.8,1.3,0.7,0.3,1.4,2.6,9.1
133,274,Dikembe Mutombo,C,32,ATL,218.4,118.0,203.2,102.2,50,50,36.6,3.5,6.8,.512,0.0,0.0,,3.5,6.8,.512,.512,3.9,5.7,.684,3.8,8.4,12.2,1.1,0.3,2.9,1.9
134,281,Dirk Nowitzki,PF,20,DAL,213.4,111.2,47,24,20.4,2.9,7.1,.405,0.3,1.4,.206,2.6,5.7,.455,.426,2.1,2.7,.773,0.9,2.6,3.4,1.0,0.6,0.6,1.6,2.2,8.2
135,415,Dominique Wilkins,SF,39,ORL,200.7,90.8,27,2,9.3,1.9,4.9,.379,0.2,0.7,.263,1.7,4.2,.398,.398,1.1,1.6,.690,1.1,1.5,2.6,0.6,0.1,0.0,0.9,0.7,5.0
136,226,Don MacLean,PF,29,SEA,208.3,106.7,17,10,21.5,3.7,9.4,.396,0.5,1.9,.273,3.2,7.4,.429,.425,2.9,4.7,.625,1.1,2.8,3.8,0.9,0.3,0.3,1.5,2.0,10.9
137,320,Don Reid,PF,25,DET,203.2,113.5,47,30,19.9,2.1,3.7,.557,0.0,0.0,,2.1,3.7,.557,.557,1.0,1.7,.608,1.4,2.2,3.6,0.7,0.6,0.9,0.8,3.3,5.1
138,235,Donyell Marshall,SF,25,GSW,205.7,111.2,48,20,26.0,4.3,10.3,.421,0.5,1.5,.361,3.8,8.8,.431,.447,1.8,2.5,.727,2.4,4.7,7.1,1.4,1.0,0.8,1.7,2.6,11.0
139,71,Doug Christie,SG,28,TOR,198.1,90.8,50,50,35.4,5.0,13.0,.388,1.0,3.2,.304,4.1,9.8,.415,.425,4.1,4.9,.841,1.2,3.0,4.1,3.7,2.3,0.5,2.4,2.2,15.2
140,292,Doug Overton,PG,29,TOT,190.5,86.3,24,1,10.2,1.5,3.5,.429,0.1,0.3,.286,1.4,3.2,.442,.440,0.8,0.8,.900,0.3,0.6,0.9,1.0,0.2,0.0,0.8,0.8,3.8
141,409,Doug West,SG,31,VAN,198.1,90.8,14,2,21.0,2.2,4.6,.477,0.0,0.1,.000,2.2,4.5,.492,.477,1.4,1.8,.760,0.4,1.4,1.8,1.4,1.1,0.5,0.9,2.7,5.8
142,24,Drew Barry,SG,25,SEA,195.6,86.7,17,0,10.8,0.6,1.9,.313,0.5,1.4,.333,0.1,0.5,.250,.438,0.5,0.8,.692,0.2,1.0,1.2,1.7,0.4,0.1,0.7,1.4,2.2
143,65,Duane Causwell,C,30,MIA,213.4,109.0,19,1,7.2,1.1,1.8,.571,0.0,0.0,,1.1,1.8,.571,.571,0.2,0.6,.333,0.7,1.1,1.8,0.1,0.0,0.6,0.9,1.7,2.3
144,120,Duane Ferrell,SF,33,GSW,200.7,94.9,8,0,5.8,0.1,1.8,.071,0.0,0.0,,0.1,1.8,.071,.071,0.4,0.5,.750,0.6,0.1,0.8,0.0,0.1,0.1,0.1,0.5,0.6
145,344,Dwayne Schintzius,C,30,BOS,215.9,118.0,16,0,4.2,0.3,1.0,.250,0.0,0.0,,0.3,1.0,.250,.250,0.2,0.3,.750,0.4,0.8,1.2,0.5,0.0,0.2,0.6,1.1,0.7
146,40,Earl Boykins,PG,22,TOT,165.1,61.3,22,0,10.0,1.4,3.6,.380,0.1,0.8,.167,1.2,2.8,.443,.399,0.1,0.1,.667,0.3,0.5,0.8,1.5,0.3,0.0,0.9,0.9,3.0
147,144,Ed Gray,SG,23,ATL,190.5,95.3,30,3,11.2,1.8,6.1,.291,0.4,1.4,.286,1.4,4.7,.293,.324,0.9,1.2,.757,0.2,0.7,0.9,0.4,0.4,0.0,1.0,1.0,4.9
148,188,Eddie Johnson,SF,39,HOU,200.7,97.6,3,0,6.0,2.0,4.3,.462,0.0,0.3,.000,2.0,4.0,.500,.462,0.0,0.0,,0.0,0.7,0.7,0.3,0.0,0.0,0.7,1.0,4.0
149,193,Eddie Jones,SF-SG,27,TOT,198.1,90.8,50,50,37.6,5.2,11.9,.437,1.0,2.8,.338,4.2,9.1,.468,.477,4.2,5.4,.782,1.0,2.9,3.9,3.7,2.5,1.2,1.9,2.6,15.6
150,58,Elden Campbell,C,30,TOT,210.8,97.6,49,33,29.8,4.5,9.5,.477,0.0,0.0,.000,4.5,9.5,.478,.477,3.5,5.5,.639,2.6,5.5,8.1,1.4,0.8,1.5,1.6,3.2,12.6
151,317,Eldridge Recasner,PG,31,CHH,190.5,86.3,44,2,16.1,1.9,4.2,.446,0.5,1.4,.400,1.3,2.8,.468,.511,0.8,0.9,.872,0.5,1.3,1.8,2.1,0.4,0.0,1.3,1.5,5.0
152,303,Elliot Perry,PG,29,TOT,182.9,68.1,35,0,8.3,1.1,2.9,.379,0.3,0.7,.417,0.8,2.3,.367,.427,0.3,0.4,.714,0.2,0.8,1.0,1.3,0.6,0.0,1.0,0.7,2.8
153,265,Eric Montross,C,27,DET,213.4,122.6,46,2,12.5,0.9,1.7,.525,0.0,0.0,.000,0.9,1.7,.532,.525,0.2,0.7,.344,1.0,2.0,3.0,0.3,0.3,0.6,0.3,2.3,2.1
154,270,Eric Murdock,PG,30,NJN,185.4,86.3,15,8,26.7,3.0,7.6,.395,0.5,1.5,.364,2.5,6.1,.402,.430,1.4,1.7,.808,0.2,2.1,2.3,4.4,1.5,0.1,1.9,2.3,7.9
155,307,Eric Piatkowski,SG,28,LAC,200.7,95.3,49,38,25.3,3.7,8.5,.432,1.3,3.4,.394,2.3,5.1,.456,.510,1.8,2.1,.863,0.8,2.1,2.9,1.1,0.9,0.1,1.1,1.8,10.5
156,328,Eric Riley,C,28,BOS,213.4,111.2,35,11,9.6,0.8,1.5,.519,0.0,0.0,,0.8,1.5,.519,.519,0.6,0.9,.710,1.0,1.8,2.8,0.4,0.3,0.7,0.7,2.1,2.2
157,363,Eric Snow,PG,25,PHI,190.5,86.3,48,48,35.8,3.1,7.3,.428,0.1,0.4,.238,3.0,6.8,.440,.435,2.3,3.1,.733,0.5,2.9,3.4,6.3,2.1,0.0,2.3,3.1,8.6
158,402,Eric Washington,SG,24,DEN,193.0,86.3,38,6,20.0,1.9,4.8,.397,1.0,2.6,.381,0.9,2.3,.414,.497,0.6,0.8,.688,0.9,1.4,2.3,0.8,0.7,0.5,0.9,2.3,5.4
159,420,Eric Williams,SF,26,DEN,203.2,99.9,38,8,20.5,2.1,5.8,.365,0.2,0.7,.231,1.9,5.1,.383,.379,2.9,3.7,.799,0.9,1.2,2.1,1.0,0.7,0.2,1.3,2.0,7.3
160,88,Erick Dampier,C,23,GSW,210.8,120.3,50,50,28.3,3.2,8.3,.389,0.0,0.0,,3.2,8.3,.389,.389,2.4,4.1,.588,3.3,4.4,7.6,1.1,0.5,1.2,1.8,3.3,8.8
161,375,Erick Strickland,SG,25,DAL,190.5,95.3,33,2,17.2,2.7,6.7,.403,0.5,1.8,.305,2.2,4.9,.438,.443,1.6,2.0,.815,0.4,2.2,2.5,1.9,1.2,0.1,1.1,1.3,7.5
162,189,Ervin Johnson,C,31,MIL,210.8,111.2,50,7,20.5,1.9,3.8,.508,0.0,0.0,,1.9,3.8,.508,.508,1.3,2.1,.610,2.4,4.0,6.4,0.4,0.6,1.1,0.9,3.0,5.1
163,37,Etdrick Bohannon,SF,25,WAS,205.7,99.9,2,0,2.0,0.0,0.0,,0.0,0.0,,0.0,0.0,,,0.0,0.0,,0.0,0.0,0.0,0.0,0.0,0.0,0.0,0.0,0.0
164,222,Felipe LÃ³pez,SG,24,VAN,195.6,90.3,47,32,25.9,3.6,8.1,.446,0.3,0.9,.273,3.3,7.1,.469,.462,1.9,2.9,.644,1.5,2.1,3.5,1.3,1.0,0.3,1.7,2.7,9.3
165,364,Felton Spencer,C,31,GSW,213.4,120.3,26,0,6.1,0.6,1.3,.455,0.0,0.0,,0.6,1.3,.455,.455,0.5,1.0,.462,0.7,1.1,1.8,0.0,0.2,0.4,0.3,1.6,1.6
166,167,Fred Hoiberg,SG,26,IND,193.0,92.2,12,0,7.3,0.5,1.8,.286,0.1,0.8,.111,0.4,1.0,.417,.310,0.5,0.5,1.000,0.2,0.8,0.9,0.3,0.0,0.0,0.3,0.9,1.6
167,140,Gary Grant,PG,33,POR,190.5,84.0,2,0,3.5,0.0,0.5,.000,0.0,0.0,,0.0,0.5,.000,.000,0.0,0.0,,0.0,0.0,0.0,1.5,0.5,0.0,0.0,0.0,0.0
168,299,Gary Payton,PG,30,SEA,193.0,81.7,50,50,40.2,8.0,18.5,.434,1.7,5.6,.295,6.4,12.8,.495,.479,4.0,5.5,.721,1.2,3.6,4.9,8.7,2.2,0.2,3.1,2.3,21.7
169,388,Gary Trent,PF,24,DAL,203.2,113.5,45,23,30.3,6.4,13.4,.477,0.0,0.1,.000,6.4,13.3,.481,.477,3.2,5.2,.617,2.8,5.0,7.8,1.7,0.6,0.5,1.5,2.7,16.0
170,224,George Lynch,SF,28,PHI,203.2,99.0,43,43,30.6,3.4,8.1,.421,0.2,0.5,.391,3.2,7.6,.423,.434,1.2,2.0,.631,2.6,3.9,6.5,1.8,2.0,0.5,1.8,3.3,8.3
171,243,George McCloud,SF,31,PHO,198.1,93.1,48,16,25.9,3.0,6.8,.438,1.4,3.5,.416,1.5,3.3,.462,.545,1.6,1.8,.862,0.7,2.7,3.4,1.6,0.9,0.3,1.0,2.7,8.9
172,45,Gerald Brown,SG,23,PHO,193.0,95.3,33,0,7.2,1.0,2.7,.371,0.1,0.3,.300,0.9,2.4,.380,.388,0.3,0.4,.786,0.2,0.5,0.7,0.9,0.2,0.0,0.7,0.6,2.4
173,416,Gerald Wilkins,SG,35,ORL,198.1,84.0,3,0,9.3,0.0,3.0,.000,0.0,0.0,,0.0,3.0,.000,.000,0.7,0.7,1.000,0.0,0.3,0.3,0.3,0.0,0.0,1.0,1.0,0.7
174,204,Gerard King,SF,26,SAS,205.7,104.4,19,0,3.3,0.3,0.7,.429,0.0,0.0,,0.3,0.7,.429,.429,0.6,0.9,.611,0.3,0.4,0.7,0.2,0.1,0.1,0.2,0.6,1.2
175,271,Gheorghe MureÈan,C,27,NJN,None,None,1,0,1.0,0.0,1.0,.000,0.0,0.0,,0.0,1.0,.000,.000,0.0,0.0,,0.0,0.0,0.0,0.0,0.0,0.0,1.0,0.0,0.0
176,324,Glen Rice,SF,31,LAL,203.2,103.5,27,25,36.5,6.3,14.7,.432,2.0,5.0,.393,4.4,9.7,.452,.499,2.9,3.3,.856,0.3,3.3,3.7,2.6,0.6,0.2,1.7,2.5,17.5
177,332,Glenn Robinson,SF,26,MIL,200.7,102.2,47,47,33.6,7.4,16.1,.459,0.7,1.7,.392,6.7,14.4,.467,.479,3.0,3.4,.870,1.6,4.3,5.9,2.1,1.0,0.9,2.3,2.4,18.4
178,165,Grant Hill,SF,26,DET,203.2,102.2,50,50,37.0,7.7,16.0,.479,0.0,0.3,.000,7.7,15.8,.487,.479,5.7,7.6,.752,1.3,5.8,7.1,6.0,1.6,0.5,3.7,2.3,21.1
179,220,Grant Long,PF,32,ATL,None,None,50,13,27.6,3.0,7.2,.421,0.1,0.4,.167,3.0,6.8,.434,.425,3.7,4.7,.783,2.0,3.9,5.9,1.1,1.1,0.3,1.5,2.9,9.8
180,10,Greg Anthony,PG,31,POR,182.9,79.9,50,0,16.1,2.1,5.0,.414,1.0,2.5,.392,1.1,2.5,.437,.512,1.2,1.8,.697,0.3,1.0,1.3,2.0,1.3,0.1,1.1,1.5,6.4
181,125,Greg Foster,PF,30,UTA,210.8,109.0,42,1,10.9,1.2,3.3,.377,0.0,0.1,.250,1.2,3.2,.381,.380,0.3,0.5,.619,0.7,1.3,2.0,0.6,0.1,0.2,0.6,1.5,2.8
182,261,Greg Minor,SG,27,BOS,198.1,95.3,44,7,17.4,1.9,4.6,.417,0.2,0.6,.286,1.8,4.0,.438,.436,0.8,1.1,.750,0.7,2.0,2.7,1.1,0.5,0.1,0.9,1.6,4.9
183,290,Greg Ostertag,C,25,UTA,218.4,127.1,48,48,27.9,2.1,4.3,.476,0.0,0.0,,2.1,4.3,.476,.476,1.6,2.5,.620,2.2,5.1,7.3,0.5,0.3,2.7,0.9,2.9,5.7
184,286,Hakeem Olajuwon,C,36,HOU,213.4,115.8,50,50,35.7,7.5,14.5,.514,0.1,0.3,.308,7.4,14.2,.518,.517,3.9,5.4,.717,2.1,7.4,9.6,1.8,1.6,2.5,2.8,3.2,18.9
185,141,Harvey Grant,PF,33,PHI,203.2,88.5,47,10,17.0,1.3,3.6,.369,0.0,0.1,.167,1.3,3.4,.377,.372,0.4,0.6,.724,0.8,1.6,2.3,0.5,0.4,0.3,0.4,1.6,3.1
186,437,Haywoode Workman,PG,33,MIL,188.0,81.7,29,29,28.1,2.5,5.9,.429,0.6,1.6,.362,1.9,4.2,.455,.479,1.3,1.6,.787,0.5,3.0,3.5,5.9,1.1,0.0,2.2,1.8,6.9
187,421,Herb Williams,C,40,NYK,208.3,109.9,6,0,5.7,0.7,1.3,.500,0.0,0.0,,0.7,1.3,.500,.500,0.3,0.3,1.000,0.5,0.5,1.0,0.0,0.0,0.3,0.3,0.3,1.7
188,157,Hersey Hawkins,SG,32,SEA,190.5,86.3,50,34,32.9,3.4,8.2,.419,1.1,3.6,.306,2.3,4.6,.509,.487,2.4,2.6,.902,1.0,3.0,4.0,2.5,1.6,0.4,1.6,1.8,10.3
189,142,Horace Grant,PF,33,ORL,208.3,115.8,50,50,33.2,4.0,9.1,.434,0.0,0.0,.000,4.0,9.1,.436,.434,0.9,1.4,.671,2.3,4.7,7.0,1.8,0.9,1.2,0.9,2.0,8.9
190,422,Hot Rod Williams,C,36,DAL,210.8,97.6,25,11,16.1,0.4,1.3,.333,0.0,0.0,,0.4,1.3,.333,.333,0.3,0.4,.700,1.4,1.9,3.3,0.6,0.5,0.7,0.5,2.0,1.2
191,112,Howard Eisley,PG,26,UTA,188.0,80.4,50,0,20.8,2.8,6.3,.446,0.4,1.0,.420,2.4,5.3,.451,.479,1.3,1.6,.838,0.2,1.6,1.9,3.7,0.6,0.0,2.2,2.4,7.4
192,94,Hubert Davis,SG,28,DAL,195.6,83.1,50,21,27.6,3.5,7.9,.438,1.3,2.9,.451,2.2,5.1,.431,.520,0.9,1.0,.880,0.1,1.7,1.7,1.8,0.4,0.1,1.1,1.5,9.1
193,15,Isaac Austin,C,29,ORL,208.3,115.8,49,49,25.7,3.8,9.2,.408,0.0,0.1,.286,3.7,9.1,.410,.411,2.1,3.2,.669,1.7,3.1,4.8,1.8,1.0,0.7,2.3,2.6,9.7
194,327,Isaiah Rider,SG,27,POR,195.6,97.6,47,41,29.5,5.3,12.9,.412,0.9,2.4,.378,4.4,10.5,.419,.446,2.4,3.1,.755,1.3,2.9,4.2,2.2,0.5,0.2,2.0,2.1,13.9
195,161,J.R. Henderson,SF,22,VAN,203.2,102.6,30,0,11.0,1.2,3.2,.365,0.1,0.2,.400,1.1,3.0,.363,.375,0.8,1.5,.556,0.7,0.9,1.6,0.7,0.3,0.1,0.6,1.0,3.2
196,321,J.R. Reid,PF,30,TOT,205.7,112.1,41,26,25.1,3.2,6.8,.477,0.0,0.0,.000,3.2,6.7,.478,.477,2.6,3.3,.766,1.1,4.1,5.2,1.2,0.9,0.2,1.2,3.3,9.0
197,392,Jacque Vaughn,PG,23,UTA,185.4,86.3,19,0,4.6,0.6,1.6,.367,0.1,0.4,.250,0.5,1.2,.409,.400,1.1,1.3,.833,0.1,0.5,0.6,0.6,0.3,0.0,0.7,0.7,2.3
198,413,Jahidi White,PF,22,WAS,205.7,131.7,20,0,9.6,0.9,1.6,.531,0.0,0.0,,0.9,1.6,.531,.531,0.8,1.8,.429,1.2,1.8,2.9,0.1,0.2,0.6,0.8,2.0,2.5
199,338,Jalen Rose,SF,26,IND,203.2,95.3,180.3,82.6,49,1,25.3,4.1,10.1,.403,0.3,1.3,.262,3.7,8.8,.425,.420,2.6,3.2,.791,0.7,2.4,3.1,1.9,1.0,0.3,1.5
200,237,Jamal Mashburn,SF,26,MIA,203.2,112.1,24,23,35.6,5.6,12.4,.451,0.5,1.3,.433,5.0,11.1,.453,.473,3.1,4.3,.721,1.0,5.1,6.1,3.1,0.8,0.1,2.5,2.4,14.8
201,79,James Cotton,SG,23,SEA,195.6,99.9,10,0,5.9,0.6,1.8,.333,0.0,0.3,.000,0.6,1.5,.400,.333,1.3,1.8,.722,0.2,0.8,1.0,0.0,0.3,0.0,0.3,0.6,2.5
202,333,James Robinson,PG,28,TOT,188.0,81.7,31,0,16.3,2.2,6.0,.362,0.7,2.4,.284,1.5,3.6,.414,.419,0.9,1.3,.683,0.6,1.4,2.0,1.8,0.7,0.3,1.4,1.9,5.9
203,119,Jamie Feick,PF-C,24,TOT,205.7,115.8,28,16,30.4,2.4,4.8,.500,0.0,0.0,,2.4,4.8,.500,.500,1.5,2.1,.717,4.0,6.3,10.3,0.9,0.9,0.6,1.2,2.6,6.3
204,403,Jamie Watson,SF,26,MIA,200.7,86.3,3,0,6.0,0.3,0.7,.500,0.0,0.0,,0.3,0.7,.500,.500,0.0,0.0,,0.0,0.3,0.3,0.3,0.0,0.0,0.3,0.3,0.7
205,179,Jaren Jackson,SG,31,SAS,193.0,86.3,47,13,18.3,2.3,6.0,.380,1.1,3.1,.361,1.2,2.9,.401,.474,0.7,0.8,.821,0.4,1.7,2.1,1.0,0.9,0.2,0.8,1.3,6.4
206,56,Jason Caffey,PF,25,GSW,203.2,115.8,35,32,25.0,3.5,7.9,.444,0.0,0.0,.000,3.5,7.9,.446,.444,1.8,2.8,.633,2.3,3.6,5.9,0.5,0.7,0.3,2.1,3.2,8.8
207,202,Jason Kidd,PG,25,PHO,193.0,95.3,50,50,41.2,6.2,14.0,.444,0.9,2.5,.366,5.3,11.5,.461,.476,3.6,4.8,.757,1.7,5.0,6.8,10.8,2.3,0.4,3.0,2.2,16.9
208,342,Jason Sasser,SF,25,VAN,200.7,102.2,6,0,6.5,0.8,1.8,.455,0.0,0.0,,0.8,1.8,.455,.455,0.2,0.3,.500,0.3,0.8,1.2,0.3,0.3,0.0,0.3,0.7,1.8
209,423,Jason Williams,PG,23,SAC,185.4,86.3,50,50,36.1,4.6,12.3,.374,2.0,6.5,.310,2.6,5.9,.446,.455,1.6,2.1,.752,0.3,2.8,3.1,6.0,1.9,0.0,2.9,1.8,12.8
210,424,Jayson Williams,C,30,NJN,208.3,111.2,30,30,34.0,3.2,7.3,.445,0.0,0.1,.000,3.2,7.2,.449,.445,1.6,2.8,.565,4.9,7.1,12.0,1.1,0.8,2.0,1.5,4.2,8.1
211,169,Jeff Hornacek,SG,35,UTA,190.5,86.3,48,48,29.9,4.5,9.4,.477,0.7,1.7,.420,3.8,7.7,.489,.514,2.6,2.9,.893,0.7,2.6,3.3,4.0,1.1,0.3,1.7,2.0,12.2
212,248,Jeff McInnis,PG,24,WAS,193.0,86.3,35,6,12.2,1.4,3.8,.373,0.3,1.0,.257,1.2,2.8,.414,.407,0.6,0.8,.750,0.3,0.3,0.6,2.1,0.5,0.0,0.9,1.0,3.7
213,352,Jeff Sheppard,SG,24,ATL,190.5,86.3,18,5,10.3,0.8,2.2,.385,0.1,0.4,.286,0.7,1.8,.406,.410,0.4,0.7,.615,0.3,0.9,1.2,0.9,0.2,0.0,0.4,0.7,2.2
214,244,Jelani McCoy,C,21,SEA,208.3,111.2,26,0,12.7,2.2,2.9,.737,0.0,0.0,,2.2,2.9,.737,.737,0.8,1.6,.500,1.0,2.0,3.0,0.2,0.4,0.8,0.4,1.6,5.1
215,168,Jerald Honeycutt,PF,24,TOT,205.7,120.3,16,0,6.4,0.6,2.0,.281,0.3,1.1,.294,0.3,0.9,.267,.359,0.4,0.6,.700,0.2,0.6,0.8,0.2,0.3,0.1,0.6,1.0,1.9
216,283,Jermaine O'Neal,PF,20,POR,210.8,106.7,36,1,8.6,1.0,2.3,.434,0.0,0.0,.000,1.0,2.3,.439,.434,0.5,1.0,.514,1.2,1.5,2.7,0.4,0.1,0.4,0.4,1.1,2.5
217,184,Jerome James,C,23,SAC,None,None,16,0,2.6,0.6,1.5,.375,0.0,0.0,,0.6,1.5,.375,.375,0.4,0.8,.500,0.4,0.7,1.1,0.1,0.1,0.4,0.6,0.7,1.5
218,201,Jerome Kersey,SF,36,SAS,200.7,97.6,45,0,15.5,1.5,4.4,.340,0.1,0.3,.214,1.4,4.1,.349,.348,0.1,0.3,.429,0.9,2.0,2.9,0.9,0.8,0.3,0.7,2.0,3.2
219,425,Jerome Williams,PF,25,DET,205.7,93.5,50,10,23.1,2.5,5.0,.500,0.0,0.0,,2.5,5.0,.500,.500,2.1,3.2,.673,3.2,3.8,7.0,0.5,1.3,0.1,0.8,2.2,7.1
220,367,Jerry Stackhouse,SG,24,DET,198.1,99.0,42,9,28.3,4.3,11.6,.371,0.8,3.0,.278,3.5,8.6,.403,.407,5.0,5.9,.850,0.6,1.9,2.5,2.8,0.8,0.5,2.9,1.9,14.5
221,180,Jim Jackson,SG,28,POR,198.1,99.9,49,9,24.0,3.1,7.6,.411,0.5,1.8,.278,2.6,5.7,.454,.445,1.7,2.1,.842,0.7,2.5,3.2,2.6,0.9,0.1,1.7,1.6,8.4
222,247,Jim McIlvaine,C,26,NJN,215.9,109.0,22,1,12.2,1.0,2.3,.431,0.0,0.0,,1.0,2.3,.431,.431,0.2,0.3,.667,1.4,1.0,2.5,0.1,0.4,1.5,0.6,2.7,2.2
223,287,Jimmy Oliver,SG,29,PHO,200.7,93.1,2,0,5.5,0.5,1.5,.333,0.5,0.5,1.000,0.0,1.0,.000,.500,0.0,0.0,,0.0,0.0,0.0,0.0,0.0,0.0,0.0,1.0,1.5
224,109,Joe Dumars,SG,35,DET,190.5,86.3,38,38,29.4,3.8,9.2,.411,2.3,5.8,.403,1.4,3.4,.426,.539,1.3,1.6,.836,0.3,1.5,1.8,3.5,0.6,0.1,1.4,1.3,11.3
225,206,Joe Kleine,C,37,PHO,210.8,115.8,31,5,12.1,1.0,2.4,.405,0.0,0.1,.000,1.0,2.3,.417,.405,0.3,0.4,.667,0.9,1.3,2.2,0.4,0.3,0.0,0.3,1.5,2.2
226,359,Joe Smith,C,23,MIN,208.3,102.2,43,42,33.0,5.2,12.1,.427,0.0,0.1,.000,5.2,12.1,.430,.427,3.3,4.4,.755,3.6,4.7,8.2,1.6,0.7,1.5,1.5,3.4,13.7
227,436,Joe Wolf,PF,34,CHH,210.8,104.4,3,0,4.0,0.0,0.3,.000,0.0,0.0,,0.0,0.3,.000,.000,0.0,0.7,.000,0.0,0.3,0.3,0.0,0.0,0.0,0.0,2.0,0.0
228,74,John Coker,C,27,WAS,213.4,114.9,14,0,7.0,0.9,2.2,.419,0.0,0.0,,0.9,2.2,.419,.419,0.4,0.4,.833,0.5,1.1,1.6,0.0,0.1,0.1,0.1,1.2,2.2
229,82,John Crotty,PG,29,TOT,185.4,84.0,27,0,14.1,1.9,4.6,.411,0.5,1.3,.389,1.4,3.3,.420,.468,1.6,1.9,.860,0.3,0.9,1.1,2.3,0.4,0.0,1.2,1.1,5.9
230,368,John Starks,SG,33,GSW,190.5,81.7,50,50,33.7,5.4,14.6,.370,1.6,5.4,.290,3.8,9.2,.416,.423,1.5,2.0,.740,0.7,2.6,3.3,4.7,1.4,0.1,1.7,2.7,13.8
231,372,John Stockton,PG,36,UTA,185.4,77.2,50,50,28.2,4.0,8.2,.488,0.3,1.0,.320,3.7,7.2,.511,.507,2.7,3.4,.811,0.6,2.3,2.9,7.5,1.6,0.3,2.2,2.1,11.1
232,383,John Thomas,C,23,TOR,205.7,120.3,39,11,15.2,1.8,3.2,.577,0.0,0.0,.000,1.8,3.1,.582,.577,0.7,1.2,.563,1.7,1.8,3.4,0.4,0.4,0.2,0.5,2.1,4.3
233,398,John Wallace,SF,24,TOR,203.2,102.2,48,3,16.9,3.2,7.4,.432,0.0,0.0,,3.2,7.4,.432,.432,2.2,3.1,.700,1.1,2.4,3.6,1.0,0.3,0.9,1.5,1.9,8.6
234,279,Johnny Newman,SF,35,CLE,200.7,86.3,50,2,19.0,2.1,5.0,.422,0.5,1.2,.377,1.7,3.8,.437,.468,1.4,1.7,.810,0.3,1.2,1.5,0.8,0.6,0.2,0.8,2.5,6.1
235,381,Johnny Taylor,SF,24,DEN,205.7,99.9,36,9,20.1,2.3,5.5,.414,0.7,1.9,.382,1.6,3.6,.431,.480,0.5,0.6,.739,0.8,2.0,2.8,0.7,0.8,0.5,0.9,2.7,5.8
236,25,Jon Barry,SG,29,SAC,193.0,88.5,43,0,17.1,1.4,3.2,.428,0.6,1.8,.304,0.8,1.4,.593,.514,1.7,2.0,.845,0.6,1.7,2.2,2.6,1.2,0.1,1.1,1.4,5.0
237,199,Jonathan Kerner,C,24,ORL,210.8,111.2,1,0,5.0,0.0,1.0,.000,0.0,0.0,,0.0,1.0,.000,.000,0.0,0.0,,0.0,0.0,0.0,0.0,0.0,0.0,0.0,2.0,0.0
238,51,Jud Buechler,SF,30,DET,198.1,99.9,50,0,21.1,2.0,4.8,.417,1.2,3.0,.412,0.8,1.8,.424,.544,0.3,0.4,.722,0.6,2.1,2.7,1.1,0.7,0.3,0.4,1.7,5.5
239,172,Juwan Howard,SF,25,WAS,205.7,109.0,36,36,39.7,7.9,16.8,.474,0.0,0.1,.000,7.9,16.7,.476,.474,3.1,4.1,.753,2.5,5.6,8.1,3.0,1.2,0.4,2.6,3.6,18.9
240,230,Karl Malone,PF,35,UTA,205.7,120.3,49,49,37.4,8.0,16.3,.493,0.0,0.0,.000,8.0,16.2,.494,.493,7.7,9.8,.788,2.2,7.3,9.4,4.1,1.3,0.6,3.3,2.7,23.8
241,13,Keith Askins,SF,31,MIA,200.7,89.4,33,13,12.6,0.6,1.9,.323,0.2,0.9,.276,0.4,1.0,.364,.387,0.2,0.2,.625,0.3,1.0,1.3,0.3,0.5,0.1,0.4,1.8,1.6
242,38,Keith Booth,SF,24,CHI,198.1,102.6,39,4,11.1,1.3,3.9,.325,0.0,0.3,.100,1.2,3.6,.340,.328,0.5,1.1,.500,0.6,1.7,2.4,1.0,0.6,0.3,1.0,1.5,3.1
243,73,Keith Closs,C,22,LAC,218.4,97.6,15,0,5.8,0.8,1.5,.522,0.0,0.1,.000,0.8,1.5,.545,.522,0.5,0.7,.800,0.3,1.3,1.7,0.0,0.2,0.6,0.4,0.9,2.1
244,390,Keith Van Horn,PF,23,NJN,208.3,99.9,42,42,37.5,7.7,17.9,.428,0.4,1.3,.302,7.3,16.6,.438,.439,6.1,7.1,.859,2.7,5.8,8.5,1.5,1.0,1.3,3.2,3.2,21.8
245,241,Kelly McCarty,SG,23,DEN,200.7,90.8,2,0,2.0,1.0,1.5,.667,0.0,0.0,,1.0,1.5,.667,.667,0.0,0.0,,1.0,0.5,1.5,0.0,0.0,0.0,1.0,0.0,2.0
246,64,Kelvin Cato,C,24,POR,210.8,115.8,43,0,12.7,1.3,3.0,.450,0.0,0.0,1.000,1.3,3.0,.445,.453,0.8,1.6,.507,1.1,2.3,3.5,0.4,0.5,1.3,0.6,2.3,3.5
247,137,Kendall Gill,SF,30,NJN,195.6,88.5,50,47,32.1,4.7,11.9,.398,0.0,0.3,.118,4.7,11.5,.406,.400,2.3,3.3,.683,1.2,3.7,4.9,2.5,2.7,0.5,1.4,3.2,11.8
248,6,Kenny Anderson,PG,28,BOS,182.9,76.3,34,33,29.7,4.7,10.5,.451,0.2,0.7,.250,4.6,9.8,.465,.459,2.5,3.0,.832,0.7,2.3,3.0,5.7,1.0,0.1,2.1,2.3,12.1
249,72,Keon Clark,C,23,DEN,210.8,100.3,28,0,14.6,1.3,2.9,.450,0.0,0.0,.000,1.3,2.8,.456,.450,0.8,1.3,.568,1.3,2.1,3.4,0.4,0.4,1.1,0.8,1.9,3.3
250,205,Kerry Kittles,SG,24,NJN,195.6,81.3,46,40,34.1,4.9,13.3,.370,1.1,3.4,.316,3.8,9.9,.389,.411,1.9,2.5,.772,1.1,3.0,4.2,2.5,1.7,0.6,1.4,1.8,12.9
251,130,Kevin Garnett,PF,22,MIN,210.8,109.0,47,47,37.9,8.8,19.1,.460,0.1,0.3,.286,8.7,18.9,.463,.462,3.1,4.4,.704,3.5,6.9,10.4,4.3,1.7,1.8,2.9,3.2,20.8
252,288,Kevin Ollie,PG,26,TOT,193.0,88.5,8,0,9.0,0.5,1.8,.286,0.0,0.0,,0.5,1.8,.286,.286,0.6,0.9,.714,0.0,0.9,0.9,0.4,0.4,0.1,0.4,1.1,1.6
253,433,Kevin Willis,C,36,TOR,213.4,111.2,42,38,29.0,4.5,10.6,.418,0.0,0.0,.000,4.5,10.6,.420,.418,3.1,3.7,.839,2.6,5.7,8.3,1.6,0.7,0.7,2.0,3.2,12.0
254,319,Khalid Reeves,PG,26,DET,190.5,90.8,11,0,10.2,0.7,1.9,.381,0.1,0.3,.333,0.6,1.6,.389,.405,0.7,1.3,.571,0.3,0.4,0.6,1.0,0.4,0.0,0.6,1.2,2.3
255,49,Kobe Bryant,SG,20,LAL,198.1,96.2,50,50,37.9,7.2,15.6,.465,0.5,2.0,.267,6.7,13.6,.494,.482,4.9,5.8,.839,1.1,4.2,5.3,3.8,1.4,1.0,3.1,3.1,19.9
256,439,Korleone Young,SF,20,DET,200.7,96.7,3,0,5.0,1.7,3.3,.500,0.3,1.3,.250,1.3,2.0,.667,.550,0.7,0.7,1.000,0.7,0.7,1.3,0.3,0.0,0.0,0.3,1.0,4.3
257,90,KornÃ©l DÃ¡vid,SF,27,CHI,205.7,106.7,50,6,18.0,2.2,4.9,.449,0.0,0.0,.000,2.2,4.8,.450,.449,1.8,2.2,.811,1.4,2.1,3.5,0.8,0.5,0.3,1.0,1.8,6.2
258,384,Kurt Thomas,PF,26,NYK,205.7,109.0,50,44,23.6,3.4,7.4,.462,0.0,0.0,.000,3.4,7.3,.463,.462,1.3,2.2,.611,1.6,4.1,5.7,1.1,0.9,0.3,1.5,3.2,8.1
259,116,LaPhonso Ellis,PF,28,ATL,203.2,109.0,20,20,27.0,4.0,9.5,.421,0.1,0.3,.200,4.0,9.3,.427,.424,2.2,3.1,.705,1.3,4.2,5.5,0.9,0.4,0.4,1.7,2.4,10.2
260,272,Lamond Murray,SF,25,LAC,200.7,107.1,50,13,26.3,4.5,11.6,.391,0.7,2.1,.330,3.8,9.5,.404,.420,2.5,3.1,.803,1.2,2.7,3.9,1.2,1.2,0.4,2.0,2.1,12.2
261,174,Larry Hughes,PG,20,PHI,195.6,83.5,50,1,19.8,3.4,8.3,.411,0.2,1.0,.154,3.2,7.2,.448,.420,2.1,3.0,.709,1.7,2.1,3.8,1.5,0.9,0.3,1.4,1.9,9.1
262,190,Larry Johnson,PF,29,NYK,198.1,113.5,49,48,33.4,4.3,9.3,.459,0.7,1.9,.359,3.6,7.5,.484,.495,2.7,3.3,.817,1.9,3.9,5.8,2.4,0.7,0.2,1.8,3.0,12.0
263,365,Latrell Sprewell,SF,28,NYK,195.6,86.3,37,4,33.3,5.8,14.0,.415,0.6,2.1,.273,5.2,11.9,.440,.435,4.2,5.2,.812,1.1,3.1,4.2,2.5,1.2,0.1,2.1,1.8,16.4
264,129,Lawrence Funderburke,PF,28,SAC,205.7,104.4,47,2,19.9,3.6,6.4,.559,0.0,0.1,.200,3.5,6.3,.565,.560,1.8,2.6,.708,2.1,2.6,4.7,0.6,0.5,0.5,1.1,1.6,8.9
265,240,Lee Mayberry,PG,28,VAN,185.4,78.1,9,0,14.0,0.8,2.1,.368,0.2,1.1,.200,0.6,1.0,.556,.421,0.4,0.6,.800,0.0,0.3,0.3,2.6,0.8,0.0,1.2,1.4,2.2
266,175,Lindsey Hunter,PG,28,DET,188.0,88.5,49,49,35.8,4.7,10.7,.435,1.2,3.1,.386,3.4,7.6,.456,.491,1.4,1.8,.753,0.5,2.9,3.4,3.9,1.8,0.2,1.9,2.6,11.9
267,146,Litterial Green,PG,28,CLE,185.4,84.0,1,0,2.0,0.0,1.0,.000,0.0,0.0,,0.0,1.0,.000,.000,0.0,0.0,,0.0,0.0,0.0,0.0,0.0,0.0,0.0,0.0,0.0
268,253,Loren Meyer,C,26,DEN,208.3,116.7,14,0,5.0,0.5,2.0,.250,0.1,0.4,.200,0.4,1.6,.261,.268,0.1,0.1,.500,0.3,0.9,1.1,0.1,0.0,0.2,0.3,1.6,1.1
269,438,Lorenzen Wright,C,23,LAC,210.8,115.8,48,15,23.6,2.5,5.4,.458,0.0,0.0,.000,2.5,5.4,.459,.458,1.7,2.4,.692,3.0,4.6,7.5,0.7,0.5,0.8,1.0,3.4,6.6
270,393,Loy Vaught,PF,30,DET,205.7,104.4,37,10,13.0,1.6,4.2,.381,0.0,0.0,.000,1.6,4.2,.383,.381,0.2,0.4,.643,1.0,3.0,3.9,0.3,0.4,0.2,0.5,1.5,3.4
271,221,Luc Longley,C,30,PHO,221.0,135.3,39,39,23.9,3.6,7.4,.483,0.0,0.0,,3.6,7.4,.483,.483,1.5,1.9,.776,1.5,4.2,5.7,1.2,0.6,0.5,1.4,3.1,8.7
272,156,Lucious Harris,SG,28,NJN,195.6,86.3,36,5,16.7,2.0,5.0,.403,0.3,1.4,.220,1.7,3.6,.473,.434,1.0,1.3,.750,0.6,1.3,1.9,0.9,0.5,0.2,0.5,1.4,5.4
273,275,Makhtar N'Diaye,PF,25,VAN,203.2,111.2,4,0,6.8,0.3,1.0,.250,0.0,0.0,,0.3,1.0,.250,.250,0.8,1.0,.750,0.8,0.5,1.3,0.3,0.0,0.3,0.3,2.3,1.3
274,339,Malik Rose,PF,24,SAS,200.7,113.5,47,0,12.9,2.0,4.3,.463,0.0,0.0,.000,2.0,4.3,.465,.463,2.1,3.1,.671,1.9,2.0,3.9,0.6,0.9,0.5,1.2,2.6,6.0
275,347,Malik Sealy,SF,28,MIN,203.2,86.3,31,7,23.6,3.1,7.5,.411,0.2,0.7,.261,2.9,6.7,.428,.424,1.8,2.0,.902,0.7,2.2,3.0,1.2,1.0,0.2,1.1,2.2,8.1
276,57,Marcus Camby,C,24,NYK,210.8,109.0,46,0,20.5,3.0,5.7,.521,0.0,0.0,,3.0,5.7,.521,.521,1.2,2.2,.553,2.2,3.3,5.5,0.3,0.6,1.6,0.8,2.8,7.2
277,30,Mario Bennett,PF,25,CHI,198.1,106.7,3,0,6.3,0.7,2.0,.333,0.0,0.0,,0.7,2.0,.333,.333,1.0,1.3,.750,0.7,1.0,1.7,0.0,0.3,0.0,0.3,1.3,2.3
278,113,Mario Elie,SG,35,SAS,195.6,95.3,47,37,27.5,3.3,7.0,.471,0.9,2.3,.374,2.5,4.8,.518,.532,2.2,2.5,.866,0.8,2.1,2.9,1.9,1.0,0.3,1.3,1.9,9.7
279,19,Mark Baker,PG,29,TOR,185.4,79.5,1,0,2.0,0.0,1.0,.000,0.0,0.0,,0.0,1.0,.000,.000,0.0,0.0,,0.0,0.0,0.0,0.0,0.0,0.0,1.0,0.0,0.0
280,50,Mark Bryant,PF,33,CHI,205.7,111.2,45,29,26.8,3.7,7.7,.483,0.0,0.0,.000,3.7,7.7,.484,.483,1.6,2.4,.645,2.0,3.1,5.2,1.1,0.8,0.4,1.5,3.3,9.0
281,95,Mark Davis,SF,25,MIA,200.7,95.3,4,1,8.8,0.5,1.5,.333,0.0,0.0,,0.5,1.5,.333,.333,1.3,1.5,.833,0.5,1.3,1.8,0.3,0.3,0.0,1.8,3.0,2.3
282,162,Mark Hendrickson,PF,24,NJN,205.7,99.9,22,6,18.1,1.8,4.0,.443,0.0,0.0,.000,1.8,4.0,.448,.443,1.9,2.3,.840,1.2,1.9,3.1,0.6,0.5,0.0,0.7,1.8,5.5
283,181,Mark Jackson,PG,33,IND,185.4,81.7,49,49,28.2,2.8,6.7,.419,0.7,2.1,.311,2.2,4.6,.469,.468,1.3,1.6,.823,0.7,3.1,3.8,7.9,0.9,0.1,2.0,1.2,7.6
284,227,Mark Macon,SG,29,DET,193.0,84.0,7,3,9.9,0.6,2.9,.200,0.1,0.4,.333,0.4,2.4,.176,.225,0.0,0.0,,0.4,0.3,0.7,0.6,0.7,0.1,0.9,0.9,1.3
285,312,Mark Pope,SF,26,IND,208.3,106.7,4,0,6.5,0.3,1.8,.143,0.0,1.0,.000,0.3,0.8,.333,.143,0.0,0.3,.000,0.5,0.5,1.0,0.0,0.0,0.0,0.3,1.5,0.5
286,376,Mark Strickland,PF,28,MIA,205.7,95.3,32,1,11.2,1.6,3.2,.495,0.0,0.0,.000,1.6,3.1,.500,.495,0.6,0.8,.731,0.8,1.6,2.4,0.3,0.2,0.3,0.4,0.9,3.7
287,410,Mark West,C,38,ATL,208.3,104.4,49,0,10.2,0.4,1.2,.373,0.0,0.0,,0.4,1.2,.373,.373,0.3,0.9,.356,1.0,1.6,2.6,0.3,0.1,0.4,0.3,1.7,1.2
288,254,Marko MiliÄ,SG,21,PHO,None,None,11,0,4.8,0.7,1.8,.400,0.0,0.1,.000,0.7,1.7,.421,.400,0.0,0.0,,0.3,0.2,0.5,0.2,0.3,0.1,0.5,0.6,1.5
289,131,Marlon Garnett,PG,23,BOS,188.0,84.4,24,0,8.5,0.6,2.1,.294,0.3,1.0,.261,0.4,1.2,.321,.353,0.6,0.8,.750,0.1,0.8,0.9,0.8,0.2,0.0,0.5,0.8,2.1
290,77,Marty Conlon,C,31,MIA,208.3,101.7,7,0,5.0,0.4,1.9,.231,0.0,0.0,,0.4,1.9,.231,.231,0.3,0.3,1.000,0.1,0.6,0.7,0.1,0.0,0.1,0.4,0.9,1.1
291,52,Matt Bullard,PF,31,HOU,208.3,97.6,41,0,10.1,1.0,2.8,.377,0.6,1.5,.387,0.5,1.3,.365,.482,0.2,0.2,.700,0.2,0.8,1.0,0.4,0.3,0.1,0.3,0.7,2.9
292,136,Matt Geiger,C,29,PHI,213.4,110.3,50,40,30.8,5.3,11.1,.479,0.0,0.1,.200,5.3,11.0,.482,.480,2.8,3.5,.797,2.7,4.5,7.2,1.2,0.8,0.8,2.0,3.1,13.5
293,153,Matt Harpring,SF,22,ORL,200.7,104.4,50,22,22.3,3.0,6.4,.463,0.2,0.5,.400,2.8,5.9,.468,.478,2.0,2.9,.713,1.8,2.5,4.3,0.9,0.6,0.1,1.5,2.2,8.2
294,231,Matt Maloney,PG,27,HOU,190.5,87.2,15,7,12.4,0.3,1.9,.179,0.1,1.0,.067,0.3,0.9,.308,.196,0.7,0.7,.909,0.1,0.5,0.7,1.4,0.3,0.0,0.9,0.5,1.4
295,382,Maurice Taylor,PF,22,LAC,205.7,120.3,46,45,32.7,6.8,14.7,.461,0.0,0.1,.167,6.7,14.5,.463,.461,3.3,4.5,.728,2.2,3.1,5.3,1.5,0.3,0.6,2.6,3.9,16.8
296,87,Michael Curry,SF,30,MIL,195.6,95.3,50,4,22.9,1.8,4.1,.437,0.0,0.3,.067,1.8,3.8,.466,.439,1.3,1.6,.797,0.4,1.8,2.2,1.6,0.8,0.1,0.7,2.7,4.9
297,103,Michael Dickerson,SG,23,HOU,195.6,86.3,50,50,31.2,4.3,9.2,.465,1.4,3.3,.433,2.9,6.0,.483,.542,0.9,1.4,.639,0.5,1.1,1.7,1.9,0.5,0.2,1.3,1.8,10.9
298,105,Michael Doleac,C,21,ORL,210.8,118.9,49,0,15.9,2.6,5.4,.468,0.0,0.0,,2.6,5.4,.468,.468,1.1,1.6,.675,1.3,1.7,3.0,0.4,0.4,0.3,0.5,2.4,6.2
299,122,Michael Finley,SF,25,DAL,200.7,102.2,50,50,41.0,7.8,17.5,.444,0.9,2.7,.331,6.9,14.8,.465,.470,3.7,4.5,.823,1.4,3.9,5.3,4.4,1.3,0.3,2.1,1.9,20.2
300,158,Michael Hawkins,PG,26,SAC,182.9,80.8,24,0,8.5,0.6,1.7,.350,0.2,0.8,.263,0.4,0.9,.429,.413,0.1,0.1,1.000,0.4,0.6,1.0,1.1,0.1,0.0,0.5,0.6,1.5
301,289,Michael Olowokandi,C,23,LAC,213.4,122.6,45,36,28.4,3.8,8.9,.431,0.0,0.0,,3.8,8.9,.431,.431,1.3,2.6,.483,2.7,5.3,7.9,0.6,0.6,1.2,1.9,3.0,8.9
302,360,Michael Smith,PF,26,VAN,203.2,104.4,210.8,106.7,48,10,22.9,1.6,3.0,.535,0.0,0.0,.000,1.6,3.0,.538,.535,1.6,2.7,.594,2.8,4.5,7.3,1.0,1.0,0.4,1.3
303,370,Michael Stewart,C,23,TOR,208.3,104.4,42,2,9.4,0.5,1.3,.415,0.0,0.0,,0.5,1.3,.415,.415,0.4,0.6,.680,1.0,1.3,2.4,0.1,0.1,0.7,0.3,1.8,1.5
304,426,Micheal Williams,PG,32,TOR,188.0,79.5,2,0,7.5,0.5,2.5,.200,0.0,0.0,,0.5,2.5,.200,.200,0.0,0.0,,0.5,0.0,0.5,0.0,0.0,0.0,0.5,0.5,1.0
305,32,Mike Bibby,PG,20,VAN,188.0,88.5,50,50,35.2,5.2,12.1,.430,0.3,1.5,.203,4.9,10.6,.461,.442,2.5,3.4,.751,0.6,2.1,2.7,6.5,1.6,0.1,2.9,2.4,13.2
306,266,Mikki Moore,C,23,DET,210.8,102.2,2,0,3.0,0.5,0.5,1.000,0.0,0.0,,0.5,0.5,1.000,1.000,1.0,1.0,1.000,0.0,0.5,0.5,0.0,0.0,0.0,0.0,0.0,2.0
307,353,Miles Simon,SG,23,ORL,190.5,91.7,5,0,3.8,0.2,1.0,.200,0.0,0.4,.000,0.2,0.6,.333,.200,0.0,0.0,,0.2,0.2,0.4,0.0,0.2,0.0,0.6,0.2,0.4
308,326,Mitch Richmond,SG,33,WAS,195.6,97.6,50,50,38.2,6.6,16.1,.412,1.4,4.4,.317,5.2,11.6,.448,.456,5.0,5.9,.857,0.6,2.8,3.4,2.4,1.3,0.2,2.7,2.4,19.7
309,55,Mitchell Butler,SG,28,CLE,195.6,95.3,31,1,13.5,2.2,4.5,.482,0.4,0.9,.379,1.8,3.5,.509,.522,0.7,1.0,.719,0.4,1.0,1.4,0.7,0.5,0.1,0.9,1.3,5.4
310,427,Monty Williams,SF,27,DEN,203.2,102.2,1,0,6.0,0.0,2.0,.000,0.0,0.0,,0.0,2.0,.000,.000,1.0,2.0,.500,0.0,0.0,0.0,0.0,0.0,0.0,0.0,0.0,1.0
311,280,Moochie Norris,PG,25,SEA,185.4,79.5,12,0,11.7,1.1,3.3,.325,0.5,1.3,.400,0.6,2.1,.280,.400,0.5,1.3,.375,0.3,1.3,1.7,2.0,0.6,0.0,1.3,1.4,3.2
312,34,Mookie Blaylock,PG,31,ATL,185.4,86.3,48,48,36.7,5.1,13.6,.379,1.6,5.2,.307,3.5,8.3,.425,.439,1.4,1.9,.758,0.9,3.7,4.7,5.8,2.1,0.2,2.4,1.3,13.3
313,36,Muggsy Bogues,PG,34,GSW,160.0,61.7,36,5,19.8,2.1,4.3,.494,0.0,0.2,.000,2.1,4.1,.514,.494,0.9,1.0,.861,0.4,1.6,2.0,3.7,1.2,0.0,1.3,1.2,5.1
314,264,Nazr Mohammed,C,21,PHI,208.3,113.5,26,0,4.7,0.6,1.6,.357,0.0,0.0,,0.6,1.6,.357,.357,0.5,0.8,.571,0.7,0.7,1.4,0.1,0.2,0.2,0.5,0.8,1.6
315,208,Negele Knight,PG,31,TOR,185.4,79.5,6,0,9.3,0.5,1.3,.375,0.0,0.2,.000,0.5,1.2,.429,.375,0.3,0.7,.500,0.2,0.8,1.0,1.3,0.2,0.0,1.2,0.8,1.3
316,7,Nick Anderson,SF,31,ORL,198.1,103.5,47,39,33.6,5.4,13.6,.395,2.0,5.9,.347,3.3,7.7,.433,.470,2.1,3.4,.611,1.1,4.8,5.9,1.9,1.4,0.3,1.8,1.5,14.9
317,389,Nick Van Exel,PG,27,DEN,185.4,77.2,50,50,36.0,6.1,15.4,.398,1.4,4.7,.308,4.7,10.7,.437,.445,2.8,3.5,.811,0.3,2.0,2.3,7.4,0.8,0.1,2.4,1.8,16.5
318,311,Olden Polynice,C,34,SEA,210.8,99.9,48,47,30.9,3.5,7.5,.472,0.0,0.0,1.000,3.5,7.4,.471,.473,0.6,2.0,.309,3.8,5.0,8.9,0.9,0.4,0.6,1.0,3.1,7.7
319,257,Oliver Miller,C,28,SAC,205.7,127.1,4,0,8.8,1.3,2.8,.455,0.0,0.0,,1.3,2.8,.455,.455,0.0,0.0,,1.8,0.3,2.0,0.0,0.0,0.5,1.0,0.8,2.5
320,155,Othella Harrington,PF,25,HOU,205.7,106.7,41,10,22.0,3.8,7.4,.513,0.0,0.0,,3.8,7.4,.513,.513,2.1,3.0,.721,1.8,4.2,6.0,0.4,0.1,0.6,1.5,2.5,9.8
321,386,Otis Thorpe,PF,36,WAS,205.7,102.2,49,38,31.4,4.9,9.0,.545,0.0,0.0,.000,4.9,8.9,.548,.545,1.5,2.2,.698,2.0,4.9,6.8,2.1,0.9,0.4,1.8,4.0,11.3
322,46,P.J. Brown,PF,29,MIA,210.8,102.2,50,50,32.2,4.6,9.5,.480,0.0,0.0,,4.6,9.5,.480,.480,2.3,2.9,.774,2.3,4.6,6.9,1.3,0.9,1.0,1.4,3.3,11.4
323,133,Pat Garrity,PF,22,PHO,205.7,108.1,39,9,13.8,2.2,4.4,.500,0.2,0.5,.389,2.0,3.9,.513,.521,1.0,1.4,.714,0.7,1.3,1.9,0.5,0.2,0.1,0.5,1.6,5.6
324,118,Patrick Ewing,C,36,NYK,213.4,109.0,38,38,34.2,6.5,14.9,.435,0.0,0.1,.000,6.5,14.9,.436,.435,4.3,6.1,.706,1.9,8.0,9.9,1.1,0.8,2.6,2.6,2.8,17.3
325,143,Paul Grant,C,25,TOT,213.4,111.2,6,0,2.2,0.3,1.0,.333,0.0,0.0,,0.3,1.0,.333,.333,0.0,0.0,,0.2,0.0,0.2,0.0,0.2,0.0,0.3,0.7,0.7
326,308,Paul Pierce,SF,21,BOS,200.7,106.7,48,47,34.0,5.9,13.5,.439,1.8,4.3,.412,4.2,9.2,.451,.504,2.9,4.1,.713,2.4,4.0,6.4,2.4,1.7,1.0,2.4,2.9,16.5
327,373,Peja StojakoviÄ,SF,21,SAC,208.3,104.0,48,1,21.4,2.9,7.8,.378,1.2,3.7,.320,1.8,4.1,.431,.454,1.3,1.5,.851,0.9,2.1,3.0,1.5,0.9,0.1,1.1,0.9,8.4
328,69,Pete Chilcutt,PF,30,VAN,208.3,104.4,46,0,15.2,1.4,3.7,.366,0.6,1.5,.382,0.8,2.3,.356,.442,0.3,0.4,.824,0.6,1.9,2.5,0.7,0.5,0.3,0.6,1.1,3.6
329,4,Peter Aluma,C,25,SAC,208.3,118.0,2,0,2.5,0.5,1.0,.500,0.0,0.0,,0.5,1.0,.500,.500,0.0,0.0,,0.5,0.5,1.0,0.0,0.5,0.5,1.0,2.0,1.0
330,325,Pooh Richardson,PG,32,LAC,185.4,81.7,11,0,11.8,1.1,3.3,.333,0.0,0.5,.000,1.1,2.7,.400,.333,0.4,0.4,1.000,0.1,1.1,1.2,2.7,0.4,0.0,0.8,0.5,2.5
331,194,Popeye Jones,PF,28,BOS,203.2,113.5,18,2,11.4,1.1,2.8,.392,0.0,0.1,.000,1.1,2.8,.400,.392,0.8,0.9,.824,1.6,1.3,2.9,0.8,0.3,0.0,0.4,1.7,3.0
332,212,Raef LaFrentz,C,22,DEN,210.8,111.2,12,12,32.3,4.9,10.8,.457,1.0,2.6,.387,3.9,8.2,.480,.504,3.0,4.0,.750,2.8,4.8,7.6,0.7,0.8,1.4,0.8,3.2,13.8
333,182,Randell Jackson,PF,23,WAS,210.8,97.6,27,8,10.0,1.7,4.0,.426,0.0,0.3,.143,1.7,3.7,.446,.431,0.8,1.2,.656,1.1,0.9,2.0,0.3,0.1,0.4,1.0,1.1,4.2
334,47,Randy Brown,PG,30,CHI,188.0,86.3,39,32,29.2,3.4,8.2,.414,0.0,0.3,.000,3.4,7.9,.427,.414,2.0,2.6,.757,0.7,2.7,3.4,3.8,1.7,0.2,2.1,2.4,8.8
335,219,Randy Livingston,PG,23,PHO,193.0,94.9,1,0,22.0,5.0,8.0,.625,0.0,0.0,,5.0,8.0,.625,.625,2.0,2.0,1.000,0.0,2.0,2.0,3.0,2.0,0.0,1.0,1.0,12.0
336,218,Rashard Lewis,SF,19,SEA,208.3,106.7,20,7,7.3,1.0,2.6,.365,0.1,0.3,.167,0.9,2.3,.391,.375,0.4,0.7,.571,0.7,0.6,1.3,0.2,0.4,0.1,1.0,1.0,2.4
337,399,Rasheed Wallace,PF,24,POR,210.8,104.4,49,18,28.9,4.9,9.7,.508,0.3,0.6,.419,4.7,9.1,.515,.522,2.7,3.7,.732,1.2,3.8,4.9,1.2,1.0,1.1,1.6,3.6,12.8
338,278,Rasho NesteroviÄ,C,22,MIN,213.4,115.8,2,0,15.0,1.5,6.0,.250,0.0,0.0,,1.5,6.0,.250,.250,1.0,1.0,1.000,1.5,2.5,4.0,0.5,0.0,0.0,0.5,2.5,4.0
339,3,Ray Allen,SG,23,MIL,195.6,93.1,50,50,34.4,6.1,13.5,.450,1.5,4.2,.356,4.6,9.3,.492,.505,3.5,3.9,.903,1.1,3.1,4.2,3.6,1.1,0.1,2.4,2.3,17.1
340,196,Reggie Jordan,SG,31,MIN,193.0,88.5,27,1,11.0,0.6,2.0,.278,0.0,0.0,,0.6,2.0,.278,.278,0.8,1.4,.553,1.0,1.2,2.2,1.5,0.4,0.2,0.5,1.4,1.9
341,258,Reggie Miller,SG,33,IND,200.7,84.0,50,50,35.7,5.9,13.4,.438,2.1,5.5,.385,3.8,7.9,.475,.517,4.5,4.9,.915,0.5,2.2,2.7,2.2,0.7,0.2,1.5,2.0,18.4
342,357,Reggie Slater,PF,28,TOR,200.7,97.6,30,0,8.8,1.0,2.7,.383,0.0,0.0,,1.0,2.7,.383,.383,1.8,2.8,.624,1.2,1.1,2.3,0.2,0.1,0.1,0.8,1.7,3.8
343,67,Rex Chapman,SG,31,PHO,193.0,84.0,38,35,31.1,4.3,12.1,.359,1.4,4.0,.351,2.9,8.1,.364,.417,2.0,2.4,.835,0.3,2.4,2.7,2.9,0.9,0.2,1.4,1.2,12.1
344,400,Rex Walters,SG,28,MIA,193.0,86.3,33,13,15.3,1.1,2.9,.368,0.4,1.2,.316,0.7,1.7,.404,.432,0.6,0.7,.826,0.3,1.2,1.5,1.8,0.3,0.1,1.0,1.9,3.1
345,48,Rick Brunson,PG,26,NYK,193.0,86.3,17,0,5.6,0.4,1.2,.286,0.0,0.3,.000,0.4,0.9,.375,.286,0.3,1.1,.278,0.2,0.4,0.6,1.1,0.5,0.0,0.7,0.5,1.0
346,126,Rick Fox,SF,29,LAL,200.7,104.4,44,1,21.5,3.4,7.5,.448,0.7,2.2,.337,2.6,5.3,.494,.497,1.5,2.0,.742,0.6,1.4,2.0,2.0,0.6,0.2,1.3,2.6,9.0
347,228,Rick Mahorn,PF,40,PHI,208.3,109.0,16,0,7.9,0.3,1.1,.278,0.0,0.0,,0.3,1.1,.278,.278,0.2,0.5,.375,0.4,1.0,1.4,0.1,0.3,0.1,0.4,1.4,0.8
348,96,Ricky Davis,SG,19,CHH,200.7,88.5,46,1,12.1,1.8,4.3,.405,0.0,0.3,.167,1.7,4.1,.420,.410,1.0,1.3,.763,0.9,1.0,1.8,1.3,0.7,0.2,1.2,1.0,4.5
349,362,Rik Smits,C,32,IND,223.5,113.5,49,49,25.9,6.3,12.9,.490,0.0,0.0,.000,6.3,12.9,.491,.490,2.2,2.7,.818,1.5,4.1,5.6,1.1,0.4,1.1,1.5,3.2,14.9
350,170,Robert Horry,PF,28,LAL,205.7,99.9,38,5,19.6,1.8,3.8,.459,0.5,1.2,.444,1.2,2.7,.465,.527,0.9,1.2,.739,1.5,2.5,4.0,1.5,0.9,1.0,1.3,2.7,4.9
351,294,Robert Pack,PG,29,DAL,188.0,81.7,25,0,18.7,3.0,7.0,.431,0.0,0.2,.000,3.0,6.8,.441,.431,2.9,3.5,.818,0.4,1.1,1.4,3.2,0.8,0.0,2.0,1.6,8.9
352,387,Robert Traylor,C,21,MIL,203.2,128.9,49,43,16.0,2.2,4.1,.537,0.0,0.0,.000,2.2,4.1,.540,.537,0.9,1.6,.538,1.6,2.1,3.7,0.8,0.9,0.9,0.9,2.9,5.3
353,377,Rod Strickland,PG,32,WAS,190.5,79.5,44,43,37.1,5.7,13.7,.416,0.3,1.0,.286,5.4,12.8,.426,.426,4.0,5.4,.746,1.3,3.5,4.8,9.9,1.7,0.1,3.2,2.1,15.7
354,336,Rodney Rogers,SF,27,LAC,200.7,106.7,47,7,20.6,2.8,6.3,.441,0.4,1.3,.286,2.4,5.0,.483,.471,1.4,2.1,.673,1.4,2.4,3.8,1.6,1.0,0.5,1.4,3.0,7.4
355,323,Rodrick Rhodes,SG-SF,25,TOT,198.1,102.2,13,1,12.0,1.0,4.0,.250,0.1,0.5,.143,0.9,3.5,.267,.260,1.2,1.9,.640,0.7,0.6,1.3,0.8,0.4,0.2,1.5,1.6,3.3
356,152,Ron Harper,SG,35,CHI,198.1,84.0,35,35,31.6,4.2,11.1,.377,0.8,2.4,.318,3.4,8.7,.393,.412,2.0,2.9,.703,1.4,3.7,5.1,3.3,1.7,1.0,1.9,2.3,11.2
357,252,Ron Mercer,SG,22,BOS,200.7,95.3,41,40,37.8,7.4,17.2,.431,0.1,0.7,.167,7.3,16.5,.443,.435,2.0,2.6,.790,0.9,2.9,3.8,2.5,1.6,0.3,2.2,2.0,17.0
358,348,Rony Seikaly,C,33,NJN,210.8,104.4,9,0,9.8,0.4,2.2,.200,0.0,0.0,,0.4,2.2,.200,.200,0.8,2.0,.389,0.6,1.8,2.3,0.2,0.4,0.7,1.1,1.7,1.7
359,251,Roshown McLeod,SF,23,ATL,203.2,100.3,34,0,10.2,1.8,4.8,.380,0.0,0.3,.100,1.8,4.5,.399,.383,1.1,1.3,.822,0.4,1.1,1.5,0.4,0.1,0.0,0.7,0.7,4.8
360,298,Ruben Patterson,SF,23,LAL,195.6,101.2,24,2,6.0,0.9,2.1,.412,0.0,0.3,.167,0.8,1.9,.444,.422,0.9,1.3,.710,0.7,0.5,1.3,0.1,0.2,0.1,0.5,0.7,2.7
361,215,Rusty LaRue,PG,25,CHI,188.0,95.3,43,6,17.0,1.8,5.0,.359,0.7,2.1,.337,1.1,3.0,.375,.429,0.4,0.4,1.000,0.2,1.1,1.3,1.5,0.8,0.1,0.8,1.5,4.7
362,366,Ryan Stack,PF,23,CLE,210.8,97.6,18,0,11.1,0.8,2.1,.378,0.0,0.0,,0.8,2.1,.378,.378,1.1,1.1,.950,1.1,0.8,1.9,0.3,0.1,0.6,0.5,1.7,2.6
363,63,Sam Cassell,PG,29,TOT,190.5,84.0,8,3,24.9,4.9,11.6,.419,0.3,1.3,.200,4.6,10.4,.446,.430,5.9,6.3,.940,0.6,1.3,1.9,4.5,1.1,0.0,2.5,2.8,15.9
364,183,Sam Jacobson,PG,23,LAL,193.0,97.6,2,0,6.0,1.5,2.5,.600,0.0,0.5,.000,1.5,2.0,.750,.600,1.0,1.0,1.000,0.0,1.5,1.5,0.0,0.0,0.0,0.5,1.0,4.0
365,225,Sam Mack,SF,28,TOT,200.7,99.9,44,15,24.6,3.8,8.7,.435,2.0,5.0,.397,1.8,3.8,.485,.548,1.2,1.3,.879,0.3,1.8,2.2,1.3,0.8,0.1,0.8,2.1,10.7
366,262,Sam Mitchell,SF,35,MIN,198.1,95.3,50,20,26.9,4.3,10.4,.408,0.2,0.8,.237,4.1,9.7,.421,.417,2.5,3.3,.764,1.1,2.5,3.6,2.0,0.7,0.3,0.7,2.2,11.2
367,302,Sam Perkins,PF,37,IND,205.7,106.7,48,0,16.4,1.7,4.2,.400,0.7,1.9,.389,0.9,2.3,.409,.488,0.9,1.3,.717,0.8,2.1,2.9,0.5,0.3,0.3,0.5,1.5,5.0
368,396,Samaki Walker,PF,22,DAL,205.7,113.5,39,2,14.6,2.3,4.9,.463,0.0,0.0,.000,2.3,4.8,.466,.463,1.4,2.5,.541,1.2,2.5,3.7,0.2,0.2,0.4,0.9,2.2,5.9
369,310,Scot Pollard,C,23,SAC,210.8,120.3,213.4,136.2,16,5,16.2,2.1,3.8,.541,0.0,0.0,,2.1,3.8,.541,.541,1.0,1.4,.696,2.4,2.8,5.1,0.3,0.5,1.1,0.3
370,53,Scott Burrell,SF,28,NJN,200.7,99.0,32,10,22.1,2.3,6.5,.361,0.9,2.3,.389,1.5,4.3,.346,.428,1.1,1.3,.810,1.0,2.7,3.7,1.4,1.3,0.3,0.7,2.6,6.6
371,428,Scott Williams,C,30,TOT,208.3,104.4,7,0,6.6,0.7,2.4,.294,0.0,0.0,,0.7,2.4,.294,.294,0.6,1.0,.571,0.4,1.6,2.0,0.1,0.4,0.3,0.6,1.3,2.0
372,309,Scottie Pippen,SF,33,HOU,203.2,103.5,50,50,40.2,5.2,12.1,.432,1.4,4.2,.340,3.8,7.8,.482,.492,2.6,3.7,.721,1.3,5.2,6.5,5.9,2.0,0.7,3.2,2.4,14.5
373,114,Sean Elliott,SF,30,SAS,203.2,93.1,50,50,30.2,4.2,10.1,.410,0.8,2.4,.328,3.4,7.8,.436,.449,2.1,2.8,.757,0.7,3.6,4.3,2.3,0.5,0.3,1.4,2.1,11.2
374,234,Sean Marks,PF,23,TOR,208.3,113.5,8,0,3.5,0.6,1.0,.625,0.0,0.0,,0.6,1.0,.625,.625,0.1,0.3,.500,0.0,0.1,0.1,0.0,0.1,0.0,0.4,0.4,1.4
375,337,Sean Rooks,C,29,LAL,208.3,113.5,36,0,8.8,0.9,2.2,.405,0.0,0.1,.000,0.9,2.1,.416,.405,0.9,1.3,.708,0.9,1.1,2.0,0.3,0.1,0.3,0.6,1.7,2.7
376,429,Shammond Williams,PG,23,ATL,185.4,91.3,2,0,2.0,0.0,0.5,.000,0.0,0.0,,0.0,0.5,.000,.000,1.5,2.0,.750,0.0,0.0,0.0,0.5,0.0,0.0,0.0,0.0,1.5
377,8,Shandon Anderson,SG,25,UTA,198.1,94.4,50,2,21.4,3.2,7.3,.446,0.3,0.8,.341,3.0,6.4,.460,.466,1.8,2.5,.712,1.0,1.7,2.6,1.1,0.8,0.2,1.3,1.8,8.5
378,284,Shaquille O'Neal,C,26,LAL,215.9,147.6,49,49,34.8,10.4,18.1,.576,0.0,0.0,.000,10.4,18.0,.577,.576,5.5,10.2,.540,3.8,6.9,10.7,2.3,0.7,1.7,2.5,3.2,26.3
379,1,Shareef Abdur-Rahim,SF,22,VAN,205.7,102.2,50,50,40.4,7.7,17.9,.432,0.2,0.7,.306,7.5,17.1,.438,.438,7.4,8.8,.841,2.3,5.2,7.5,3.4,1.4,1.1,3.7,2.7,23.0
380,41,Shawn Bradley,C,26,DAL,228.6,106.7,49,33,26.4,3.4,7.1,.480,0.0,0.1,.000,3.4,7.0,.485,.480,1.8,2.3,.748,2.7,5.3,8.0,0.8,0.7,3.2,1.1,3.1,8.6
381,198,Shawn Kemp,PF,29,CLE,208.3,127.1,42,42,35.1,6.6,13.7,.482,0.0,0.0,.500,6.6,13.6,.482,.483,7.3,9.3,.789,3.1,6.1,9.2,2.4,1.1,1.1,3.0,3.8,20.5
382,322,Shawn Respert,SG,26,PHO,185.4,88.5,12,1,8.3,1.1,3.0,.361,0.3,1.1,.308,0.8,1.9,.391,.417,0.6,0.8,.700,0.2,0.9,1.1,0.7,0.4,0.0,0.4,0.8,3.1
383,106,Sherman Douglas,PG,32,LAC,182.9,81.7,30,19,28.1,3.2,7.3,.438,0.0,0.4,.000,3.2,6.9,.462,.438,1.8,2.9,.632,0.5,1.4,1.9,4.1,0.9,0.1,2.0,1.8,8.2
384,14,Stacey Augmon,SF,30,POR,198.1,93.1,48,21,18.2,1.6,3.6,.448,0.0,0.0,.000,1.6,3.6,.453,.448,1.1,1.6,.684,1.0,1.6,2.6,1.2,1.2,0.4,0.6,1.7,4.3
385,329,Stanley Roberts,C,28,HOU,213.4,129.4,6,0,5.5,0.8,2.2,.385,0.0,0.0,,0.8,2.2,.385,.385,0.7,1.3,.500,0.7,1.2,1.8,0.0,0.0,0.2,0.7,0.3,2.3
386,233,Stephon Marbury,PG,21,TOT,188.0,81.7,49,49,38.7,7.7,18.0,.428,1.3,4.0,.335,6.4,14.0,.455,.465,4.5,5.7,.799,0.8,2.1,2.9,8.9,1.2,0.2,3.3,2.6,21.3
387,163,Steve Henson,PG,30,DET,185.4,81.7,4,0,6.3,0.3,0.5,.500,0.0,0.0,,0.3,0.5,.500,.500,0.5,0.5,1.000,0.0,0.0,0.0,0.8,0.3,0.0,0.8,0.3,1.0
388,200,Steve Kerr,PG,33,SAS,190.5,79.5,44,0,16.7,1.5,4.0,.391,0.6,1.8,.313,1.0,2.1,.457,.463,0.7,0.8,.886,0.1,0.9,1.0,1.1,0.5,0.1,0.5,0.6,4.4
389,276,Steve Nash,PG,24,DAL,190.5,80.8,40,40,31.7,2.9,7.9,.363,1.2,3.3,.374,1.6,4.6,.355,.441,1.0,1.2,.826,0.8,2.1,2.9,5.5,0.9,0.1,2.1,2.5,7.9
390,361,Steve Smith,SG,29,ATL,200.7,90.8,36,36,36.5,6.0,15.0,.402,1.3,3.9,.338,4.7,11.1,.424,.445,5.3,6.3,.849,1.4,2.8,4.2,3.3,1.0,0.3,2.8,2.8,18.7
391,394,Stojko VrankoviÄ,C,35,LAC,215.9,115.3,2,0,6.0,0.5,2.0,.250,0.0,0.0,,0.5,2.0,.250,.250,0.0,0.0,,2.0,1.0,3.0,0.0,0.0,0.0,0.0,1.0,1.0
392,0,Tariq Abdul-Wahad,SG,24,SAC,198.1,101.2,49,49,24.6,3.6,8.3,.435,0.1,0.4,.286,3.5,7.9,.443,.442,1.9,2.8,.691,1.5,2.3,3.8,1.0,1.0,0.3,1.4,2.5,9.3
393,42,Terrell Brandon,PG,28,TOT,180.3,81.7,36,34,33.8,5.9,14.1,.418,0.3,1.3,.255,5.6,12.8,.435,.430,1.8,2.2,.833,0.8,3.0,3.7,8.6,1.8,0.3,2.1,2.3,13.9
394,83,Terry Cummings,PF,37,GSW,205.7,99.9,50,0,20.2,3.7,8.5,.439,0.0,0.0,1.000,3.7,8.5,.437,.440,1.6,2.3,.711,1.9,3.2,5.1,1.2,0.9,0.2,1.2,3.4,9.1
395,97,Terry Davis,C,31,WAS,205.7,102.2,37,34,15.6,1.3,2.5,.533,0.0,0.0,,1.3,2.5,.533,.533,0.8,1.0,.737,1.4,2.4,3.8,0.3,0.3,0.1,0.4,2.1,3.4
396,99,Terry Dehere,SG-PG,27,TOT,193.0,86.3,26,0,11.2,1.2,3.3,.365,0.6,1.5,.410,0.6,1.8,.326,.459,0.2,0.3,.714,0.3,0.7,0.9,1.0,0.3,0.1,0.6,1.2,3.2
397,260,Terry Mills,PF,31,MIA,208.3,104.4,1,0,29.0,3.0,8.0,.375,2.0,4.0,.500,1.0,4.0,.250,.500,1.0,2.0,.500,3.0,1.0,4.0,0.0,1.0,0.0,3.0,3.0,9.0
398,313,Terry Porter,PG,35,MIA,190.5,88.5,50,1,27.3,3.4,7.4,.465,1.2,2.8,.411,2.3,4.6,.498,.543,2.5,3.0,.831,0.3,2.5,2.8,2.9,1.0,0.2,1.5,1.9,10.5
399,316,Theo Ratliff,PF,25,PHI,208.3,106.7,50,50,32.5,3.9,8.4,.470,0.0,0.0,,3.9,8.4,.470,.470,3.3,4.6,.725,2.8,5.4,8.1,0.6,0.9,3.0,1.8,3.6,11.2
400,17,Thurl Bailey,PF,37,UTA,210.8,97.6,43,0,12.6,1.8,4.1,.446,0.0,0.0,.000,1.8,4.0,.451,.446,0.6,0.8,.735,0.8,1.3,2.2,0.6,0.2,0.7,0.6,1.8,4.2
401,110,Tim Duncan,PF,22,SAS,210.8,113.5,50,50,39.3,8.4,16.9,.495,0.0,0.1,.143,8.3,16.8,.498,.495,4.9,7.2,.690,3.2,8.2,11.4,2.4,0.9,2.5,2.9,2.9,21.7
402,150,Tim Hardaway,PG,32,MIA,182.9,79.5,48,48,36.9,6.3,15.7,.400,2.3,6.5,.360,3.9,9.2,.429,.475,2.5,3.1,.812,0.3,2.9,3.2,7.3,1.2,0.1,2.7,2.1,17.4
403,216,Tim Legler,SG,32,WAS,193.0,90.8,30,0,12.6,1.7,3.8,.443,0.5,1.2,.400,1.2,2.7,.463,.504,0.1,0.2,.500,0.3,1.1,1.3,0.7,0.1,0.1,0.5,1.4,4.0
404,385,Tim Thomas,SF,21,TOT,208.3,109.0,50,26,16.2,2.6,5.6,.473,0.4,1.4,.309,2.2,4.2,.526,.511,1.5,2.2,.652,1.0,1.5,2.5,0.9,0.5,0.2,0.9,2.1,7.2
405,18,Toby Bailey,SG,23,PHO,198.1,96.7,27,10,9.2,1.3,3.2,.395,0.0,0.2,.200,1.2,3.0,.407,.401,0.3,0.5,.692,0.9,1.1,2.0,0.5,0.3,0.1,0.4,0.9,2.9
406,128,Todd Fuller,C,24,UTA,210.8,115.8,42,2,11.0,1.3,3.0,.452,0.0,0.0,,1.3,3.0,.452,.452,0.7,1.2,.600,0.7,1.7,2.4,0.1,0.1,0.3,0.6,1.4,3.4
407,147,Tom Gugliotta,PF,29,PHO,208.3,109.0,43,43,36.3,6.4,13.3,.483,0.0,0.2,.286,6.4,13.2,.486,.485,4.0,5.1,.794,3.0,5.8,8.9,2.8,1.4,0.5,2.0,2.6,17.0
408,148,Tom Hammonds,PF,31,MIN,205.7,97.6,49,0,14.6,1.7,3.7,.458,0.0,0.0,,1.7,3.7,.458,.458,1.0,1.5,.640,1.1,1.7,2.8,0.4,0.2,0.1,0.7,1.8,4.3
409,210,Toni KukoÄ,SF,30,CHI,210.8,106.7,44,44,37.6,7.2,17.0,.420,0.9,3.1,.285,6.3,13.9,.450,.446,3.6,4.9,.740,1.5,5.6,7.0,5.3,1.1,0.3,2.8,1.9,18.8
410,26,Tony Battie,C,22,BOS,210.8,104.4,50,15,22.4,2.9,5.7,.519,0.0,0.1,.000,2.9,5.6,.525,.519,0.8,1.2,.672,1.9,4.1,6.0,1.1,0.6,1.4,0.9,3.2,6.7
411,102,Tony Delk,PG,25,GSW,185.4,85.8,36,13,17.5,2.6,7.0,.364,0.4,1.8,.242,2.1,5.2,.406,.395,1.3,2.0,.648,0.3,1.2,1.5,2.6,0.4,0.2,1.3,1.3,6.8
412,238,Tony Massenburg,PF,31,VAN,205.7,99.9,43,35,26.6,4.4,9.0,.487,0.0,0.0,.000,4.4,9.0,.490,.487,2.4,3.6,.665,1.9,4.0,6.0,0.5,0.6,0.9,1.5,2.5,11.2
413,246,Tracy McGrady,SF,19,TOR,203.2,95.3,49,2,22.6,3.4,7.9,.436,0.2,0.7,.229,3.3,7.1,.457,.447,2.3,3.2,.726,2.4,3.2,5.7,2.3,1.1,1.3,1.6,1.9,9.3
414,273,Tracy Murray,SF,27,WAS,200.7,102.2,36,0,18.1,2.3,6.6,.350,0.9,2.9,.320,1.4,3.7,.373,.420,0.9,1.2,.810,0.5,1.8,2.3,0.8,0.6,0.2,0.8,1.8,6.5
415,31,Travis Best,PG,26,IND,None,None,49,0,21.3,2.6,6.2,.416,0.4,1.2,.373,2.1,5.0,.427,.452,1.4,1.7,.843,0.4,1.2,1.6,3.4,0.9,0.1,1.3,2.3,7.1
416,209,Travis Knight,C,24,LAL,213.4,106.7,37,23,14.2,1.8,3.5,.515,0.0,0.0,.000,1.8,3.5,.519,.515,0.6,0.8,.759,0.9,2.5,3.5,0.8,0.6,0.7,0.9,2.9,4.2
417,430,Travis Williams,SF,29,CHH,198.1,97.6,8,0,7.8,0.8,1.6,.462,0.0,0.0,,0.8,1.6,.462,.462,0.4,0.5,.750,0.8,1.6,2.4,0.3,0.3,0.1,0.8,1.3,1.9
418,435,Trevor Winter,C,25,MIN,213.4,124.9,1,0,5.0,0.0,0.0,,0.0,0.0,,0.0,0.0,,,0.0,0.0,,1.0,2.0,3.0,0.0,0.0,0.0,0.0,5.0,0.0
419,173,Troy Hudson,PG,22,LAC,185.4,77.2,25,6,21.0,2.4,6.0,.400,0.6,1.9,.319,1.8,4.1,.437,.450,1.4,1.5,.895,0.6,1.6,2.2,3.7,0.4,0.1,1.5,1.1,6.8
420,78,Tyrone Corbin,SF,36,ATL,198.1,95.3,47,6,22.7,2.8,7.1,.391,0.8,2.5,.319,2.0,4.6,.431,.448,1.1,1.7,.650,0.8,2.3,3.1,0.9,0.7,0.1,0.9,1.6,7.5
421,166,Tyrone Hill,PF,30,TOT,205.7,109.0,38,23,29.1,3.2,7.1,.455,0.0,0.0,,3.2,7.1,.455,.455,2.1,3.9,.540,3.0,4.5,7.6,0.9,0.9,0.4,1.6,3.8,8.6
422,277,Tyrone Nesby,SF,23,LAC,198.1,102.2,50,36,25.8,3.6,8.1,.449,0.7,1.9,.365,2.9,6.2,.476,.493,2.1,2.7,.782,1.1,2.4,3.5,1.6,1.5,0.4,1.1,2.9,10.1
423,223,Tyronn Lue,PG,21,LAL,182.9,77.2,15,0,12.5,1.9,4.3,.431,0.5,1.1,.438,1.4,3.3,.429,.485,0.8,1.4,.571,0.1,0.3,0.4,1.7,0.3,0.0,0.7,1.9,5.0
424,412,Tyson Wheeler,PG,23,DEN,177.8,74.9,1,0,3.0,1.0,1.0,1.000,1.0,1.0,1.000,0.0,0.0,,1.500,1.0,2.0,.500,0.0,0.0,0.0,2.0,0.0,0.0,0.0,1.0,4.0
425,239,Vernon Maxwell,SG,33,SAC,193.0,81.7,46,1,21.9,3.6,9.2,.390,1.7,5.0,.346,1.8,4.1,.442,.485,1.8,2.5,.737,0.3,1.6,1.8,1.7,0.7,0.1,1.5,2.4,10.7
426,20,Vin Baker,PF,27,SEA,210.8,109.0,34,31,34.2,5.8,12.9,.453,0.0,0.1,.000,5.8,12.8,.456,.453,2.1,4.7,.450,2.5,3.7,6.2,1.6,0.9,1.0,2.2,3.6,13.8
427,62,Vince Carter,SF,22,TOR,198.1,99.9,50,49,35.2,6.9,15.3,.450,0.4,1.3,.288,6.5,14.0,.466,.463,4.1,5.4,.761,1.9,3.8,5.7,3.0,1.1,1.5,2.2,2.8,18.3
428,100,Vinny Del Negro,PG,32,MIL,193.0,84.0,48,7,22.8,2.4,5.6,.422,0.3,0.6,.433,2.1,5.0,.421,.446,0.8,1.0,.800,0.3,1.8,2.1,3.6,0.7,0.1,1.1,1.3,5.9
429,314,Vitaly Potapenko,C,23,TOT,208.3,127.1,50,44,27.9,4.1,8.2,.495,0.0,0.0,.000,4.1,8.2,.496,.495,1.8,3.1,.587,2.3,4.4,6.6,1.5,0.7,0.7,2.0,3.4,10.0
430,104,Vlade Divac,C,30,SAC,215.9,118.0,50,50,35.2,5.2,11.1,.470,0.2,0.9,.256,5.0,10.3,.488,.480,3.6,5.1,.702,2.8,7.2,10.0,4.3,0.9,1.0,2.6,3.3,14.3
431,369,Vladimir Stepania,C,22,SEA,213.4,106.7,23,6,13.6,2.3,5.4,.424,0.0,0.1,.000,2.3,5.3,.434,.424,0.9,1.7,.525,1.2,2.1,3.3,0.5,0.4,1.0,1.4,2.5,5.5
432,217,Voshon Lenard,SG,25,MIA,193.0,93.1,12,2,15.8,2.6,6.6,.392,1.0,2.9,.343,1.6,3.7,.432,.468,0.7,0.9,.727,0.3,1.0,1.3,0.8,0.3,0.1,0.6,1.5,6.8
433,431,Walt Williams,SF,28,POR,203.2,99.4,48,16,21.8,3.1,7.2,.424,1.3,3.0,.438,1.8,4.2,.414,.514,1.9,2.2,.832,0.8,2.2,3.0,1.7,0.8,0.6,1.3,2.1,9.3
434,242,Walter McCarty,PF,24,BOS,208.3,104.4,32,4,20.6,2.0,5.5,.362,0.4,1.6,.260,1.6,4.0,.402,.398,1.3,1.8,.702,1.1,2.5,3.6,1.3,0.8,0.4,1.3,2.8,5.7
435,305,Wesley Person,SG,27,CLE,198.1,88.5,45,42,29.8,4.4,9.7,.453,1.7,4.4,.375,2.7,5.3,.519,.539,0.7,1.2,.604,0.4,2.7,3.2,1.8,0.8,0.4,0.9,1.2,11.2
436,301,Will Perdue,C,33,SAS,213.4,109.0,37,1,12.0,1.0,1.6,.633,0.0,0.0,,1.0,1.6,.633,.633,0.4,0.7,.538,0.9,2.8,3.7,0.5,0.2,0.3,0.6,1.7,2.4
437,84,William Cunningham,C,24,TOT,None,None,16,6,10.1,0.2,1.1,.167,0.0,0.0,,0.2,1.1,.167,.167,0.0,0.1,.000,0.8,0.9,1.8,0.1,0.1,0.7,0.3,1.9,0.4
438,54,Willie Burton,SF,30,CHH,198.1,95.3,3,0,6.0,0.3,2.3,.143,0.0,0.3,.000,0.3,2.0,.167,.143,0.7,1.3,.500,1.3,0.7,2.0,0.0,0.0,0.0,0.3,0.7,1.3
439,176,Zydrunas Ilgauskas,C,23,CLE,221.0,118.0,5,5,34.2,5.8,11.4,.509,0.0,0.0,,5.8,11.4,.509,.509,3.6,6.0,.600,3.4,5.4,8.8,0.8,0.8,1.4,1.8,4.8,15.2
